case	arm	verdict	cause	harness
0038c8514	sysalloc-none	exit1	none	none
00a12dbbd	sysalloc-none	completed	none	["String#valid_encoding? after a run of ASCII", "EXCEPTION",
00aa97fcf	sysalloc-none	exit1	none	none
01df203a7	sysalloc-none	completed	none	["constant lookup: def self.name looks up from the class bod
02d5569af	sysalloc-none	completed	none	["Addrinfo.getaddrinfo rejects a big integer hint", "NO_RAIS
033109642	sysalloc-none	completed	none	["defined? answers with a frozen string", "EXCEPTION", "NoMe
037f816c2	sysalloc-none	exit1	none	none
038d73c0b	sysalloc-none	completed	none	["IO#close_write on a stream with no write end", "EXCEPTION"
03f242d09	sysalloc-none	fault	c24	none
03fd5d226	sysalloc-none	exit1	none	none
042b3a4ee	sysalloc-none	completed	none	["Regexp - a pattern nested past the parse depth limit raise
0460b653b	sysalloc-none	completed	none	["PASS"]
046c3ce22	sysalloc-none	completed	none	["Regexp - absent repeater (?~...)", "EXCEPTION", "NoMethodE
047225c63	sysalloc-none	completed	none	["Regexp - conditional (?(cond)yes|no)", "EXCEPTION", "NoMet
048e5da5f	sysalloc-none	exit1	none	none
04c1eb769	sysalloc-none	completed	none	["a private index accessor is callable in an op-assign on a 
04e88a64a	sysalloc-none	completed	none	["Regexp - the backtracking engine raises at a limit rather 
050504efd	sysalloc-none	completed	none	["PASS"]
0521da287	sysalloc-none	completed	none	["Regexp - numeric \\k backreference out of int range", "WRO
0543f3a4a	sysalloc-none	completed	none	["sprintf(\"%c\") with an integer that has no UTF-8 encoding
05a75d298	sysalloc-none	completed	none	["PASS"]
061d19fa8	sysalloc-none	exit1	none	none
0654bd470	sysalloc-none	watchdog	none	none
0665bb368	sysalloc-none	completed	none	["Regexp - /i literals share one class per letter", "EXCEPTI
069ff6ca4	sysalloc-none	completed	none	["PASS"]
06ed794af	sysalloc-none	completed	none	["Regexp - a set cannot be an end of a range in a class", "W
086637afd	sysalloc-none	completed	none	["a private setter is callable on a written self", "EXCEPTIO
086b9c4bf	sysalloc-none	exit1	none	none
08a0432d1	sysalloc-none	completed	none	["Hash scans with the matched entry vacated by an eql? callb
094eca759	sysalloc-none	completed	none	["Kernel#inspect leaves out an ivar Ruby cannot name", "EXCE
0a5d3565b	sysalloc-none	completed	none	["IO#close_write", "EXCEPTION", "Errno::EBADF", "Bad file de
0a70368c9	sysalloc-none	completed	none	["unpack1 reads no further than its first value", "EXCEPTION
0b15c0ac7	sysalloc-none	completed	none	["Rational#** is exact for a whole exponent", "EXCEPTION", "
0b5b460bd	sysalloc-none	exit1	none	none
0bb97e62d	sysalloc-none	exit1	none	none
0ca3192c9	sysalloc-none	completed	none	["Regexp#== and Regexp#eql?", "EXCEPTION", "NameError", "uni
0cf969a2b	sysalloc-none	completed	none	["PASS"]
0df28ba5b	sysalloc-none	exit1	none	none
0e6bac0e5	sysalloc-none	exit1	none	none
0e96b2c2d	sysalloc-none	completed	none	["Regexp - quantifier on an escaped multibyte literal", "EXC
0ea8cdc3a	sysalloc-none	completed	none	["PASS"]
0edcf9706	sysalloc-none	completed	none	["PASS"]
101f8c69a	sysalloc-none	completed	none	["Regexp - positive lookbehind (?<=...)", "EXCEPTION", "Name
103e1a8bc	sysalloc-none	completed	none	["Regexp - lookbehind measures bytes that spell no character
10c3904e3	sysalloc-none	completed	none	["Regexp - \\k on a name given to several groups", "EXCEPTIO
10f91a06c	sysalloc-none	exit1	none	none
115de82c3	sysalloc-none	completed	none	["GC.scheduler_driven toggles and forces generational mode o
1260c77f0	sysalloc-none	completed	none	["PASS"]
13d9d770f	sysalloc-none	exit1	none	none
13e017c2f	sysalloc-none	fault	c24	none
13f63a747	sysalloc-none	exit1	none	none
143892a37	sysalloc-none	completed	none	["constant lookup: ancestors before the top level", "EXCEPTI
160079367	sysalloc-none	exit1	none	none
16151a0da	sysalloc-none	completed	none	["#6345: dup of a block from method is treated as orphan", "
1619353e7	sysalloc-none	completed	none	["Module#module_function with no arguments (toggle mode)", "
168273a88	sysalloc-none	completed	none	["PASS"]
16eeb4e03	sysalloc-none	completed	none	["Regexp - a removed comment does not reach into an escape",
1737589f0	sysalloc-none	watchdog	none	none
173fdd7d8	sysalloc-none	exit1	none	none
177b45b67	sysalloc-none	exit1	none	none
17d124b00	sysalloc-none	completed	none	["PASS"]
18c44e8ab	sysalloc-none	completed	none	["a multiple assignment target assigning through a send keep
1911ec3a5	sysalloc-none	completed	none	["PASS"]
19aa42dbe	sysalloc-none	exit1	none	none
19d81d25d	sysalloc-none	exit1	none	none
19de6ff29	sysalloc-none	exit1	none	none
1a26736a0	sysalloc-none	exit1	none	none
1a5e26b46	sysalloc-none	completed	none	["String#scan with a block that changes the receiver", "EXCE
1a79ce6c1	sysalloc-none	completed	none	["PASS"]
1ad2a19c8	sysalloc-none	exit1	none	none
1b4c2a58a	sysalloc-none	completed	none	["Bigint ~", "NOT_EQUAL", "-18446744073709551617", "-1844674
1b8b322d3	sysalloc-none	completed	none	["String#scan return shape", "EXCEPTION", "NameError", "unin
1bb88eabf	sysalloc-none	completed	none	[nil, "WRONG_RAISE", "NoMethodError"]
1bffcc3dd	sysalloc-none	exit1	none	none
1c0a5d290	sysalloc-none	completed	none	["Regexp - a capture inside a lookaround is undone with the 
1c57532b2	sysalloc-none	completed	none	["PASS"]
1c6ee990c	sysalloc-none	exit1	none	none
1cda974ed	sysalloc-none	completed	none	["String#+ redefined on String itself reaches the redefiniti
1cfa153ff	sysalloc-none	completed	none	["Regexp.new", "EXCEPTION", "NameError", "uninitialized cons
1d2bd7bfe	sysalloc-none	completed	none	["PASS"]
1d931d825	sysalloc-none	completed	none	["Struct initialize takes a positional hash as a plain value
1dd7cc0b5	sysalloc-none	exit1	none	none
1ea7c0c33	sysalloc-none	completed	none	["Process.waitpid reports the error by itself", "WRONG_RAISE
1ee6d4619	sysalloc-none	completed	none	["Bigint Integer#remainder takes the sign of the receiver", 
1f1ef785d	sysalloc-none	exit1	none	none
1f48100ac	sysalloc-none	completed	none	["Bigint ==", "NOT_TRUE", "false"]
1fa7d26c4	sysalloc-none	completed	none	["Regexp - lookbehind rejects a class that can match a multi
1fd633644	sysalloc-none	completed	none	["Regexp - a call runs the group's sub-pattern again", "EXCE
1ff35503d	sysalloc-none	exit1	none	none
206b9f747	sysalloc-none	completed	none	["Bigint Integer#pow(e, m) - Montgomery path", "NOT_EQUAL", 
2085fc07e	sysalloc-none	completed	none	["PASS"]
20eec14f0	sysalloc-none	completed	none	["Process.wait", "EXCEPTION", "NameError", "uninitialized co
20fc363a8	sysalloc-none	completed	none	["the prefix and suffix cuts ask again about the bytes they 
225439b0b	sysalloc-none	completed	none	["PASS"]
226c8b5d9	sysalloc-none	exit1	none	none
228758382	sysalloc-none	completed	none	["Regexp.__check_byte_pos passes a position the subject does
228bff1ae	sysalloc-none	exit1	none	none
22e80f851	sysalloc-none	completed	none	["Struct subclass inherits :keyword_init", "EXCEPTION", "NoM
2387ced58	sysalloc-none	completed	none	["PASS"]
23b2d24cf	sysalloc-none	completed	none	["Regexp - backreference \\1", "EXCEPTION", "NameError", "un
23fb460de	sysalloc-none	completed	none	["PASS"]
24fb9124a	sysalloc-none	exit1	none	none
2507c6da5	sysalloc-none	completed	none	["PASS"]
258ef78dc	sysalloc-none	exit1	none	none
260d038cb	sysalloc-none	completed	none	["PASS"]
261866e09	sysalloc-none	exit1	none	none
264d3837e	sysalloc-none	completed	none	["PASS"]
2659ec2c4	sysalloc-none	exit1	none	none
267527dd2	sysalloc-none	completed	none	["Regexp - a match that begins on a character outside ASCII"
269dc573c	sysalloc-none	completed	none	["RSTRING_CSTR with a non-terminated static string", "EXCEPT
26dc5f76e	sysalloc-none	completed	none	["MatchData#string", "EXCEPTION", "NameError", "uninitialize
272acb412	sysalloc-none	completed	none	["Socket#recv and #recvfrom reject a negative length", "EXCE
276cd1d6d	sysalloc-none	completed	none	["String#match? and String#=~ search a real pattern without 
279aaa6f1	sysalloc-none	exit1	none	none
280f93b18	sysalloc-none	exit1	none	none
28a04e082	sysalloc-none	completed	none	["Regexp - reversed character class range", "WRONG_CLASS", "
296607189	sysalloc-none	completed	none	[nil, "NOT_EQUAL", "45", "2"]
29d33be97	sysalloc-none	completed	none	["String#sub / #gsub search a String pattern without compili
2a8a7c0ed	sysalloc-none	completed	none	["Struct.new with no arguments", "EXCEPTION", "ArgumentError
2b074fd48	sysalloc-none	completed	none	["String#reverse! leaves what the bytes read as standing", "
2b5a0ed3b	sysalloc-none	completed	none	["eval of a multiple assignment with more post-splat targets
2b72a7506	sysalloc-none	exit1	none	none
2b7a57950	sysalloc-none	completed	none	["PASS"]
2bcfa12b1	sysalloc-none	exit1	none	none
2be385b68	sysalloc-none	exit1	none	none
2c2a4c59a	sysalloc-none	completed	none	["$! names the exception a rescue clause is running", "EXCEP
2c922f724	sysalloc-none	completed	none	["a `def` in an eval string takes the visibility around the 
2d57abdad	sysalloc-none	completed	none	["mrb_sys_fail without SystemCallError", "EXCEPTION", "NameE
2dd14996d	sysalloc-none	completed	none	["Module#attr_* - the visibility they take from the scope", 
2e40b9149	sysalloc-none	completed	none	["PASS"]
2e7e38a80	sysalloc-none	completed	none	["Regexp - the escapes this engine does not carry are refuse
2e8b46147	sysalloc-none	completed	none	["a Float is the object that holds what it holds", "NOT_FALS
2ea26d60f	sysalloc-none	completed	none	["Regexp - a repetition of a lookaround or a backreference s
2efaf0d4d	sysalloc-none	completed	none	["a binding gives a string the scope its constants belong to
2f1c339e5	sysalloc-none	completed	none	[nil, "NOT_EQUAL", "\"b-a\"", "\"a-aa\""]
2f7d57d6c	sysalloc-none	exit1	none	none
300cc9532	sysalloc-none	completed	none	["a string class_eval leaves the caller's scope on its own c
305d1f114	sysalloc-none	exit1	none	none
3067378d0	sysalloc-none	completed	none	["String#bit_get", "EXCEPTION", "NoMethodError", "undefined 
306d265cd	sysalloc-none	completed	none	["Task#close removes task and is idempotent", "EXCEPTION", "
30c6f801c	sysalloc-none	completed	none	["Kernel#Rational with a Rational and a Bigint operand stays
31b2db736	sysalloc-none	completed	none	["PASS"]
31ec4b9b6	sysalloc-none	completed	none	["a binding answers for the method it was taken from", "NOT_
325cfaf4a	sysalloc-none	exit1	none	none
3272955bf	sysalloc-none	completed	none	["ENV class", "EXCEPTION", "NameError", "uninitialized const
33163ec59	sysalloc-none	exit1	none	none
3375f1706	sysalloc-none	exit1	none	none
33f7b84b7	sysalloc-none	completed	none	["Process::Status#== reads a subclass as the status it is", 
33f8f4c5d	sysalloc-none	completed	none	["PASS"]
34e208b69	sysalloc-none	completed	none	["PASS"]
35842e3c1	sysalloc-none	completed	none	["Rational#== between bigint-backed rationals", "EXCEPTION",
35b0428c9	sysalloc-none	completed	none	["Module#remove_method on a module prepended to Integer rest
3600469b0	sysalloc-none	completed	none	["Regexp - negated shorthands \\D \\W \\S", "EXCEPTION", "Na
360964f51	sysalloc-none	completed	none	["Struct.keyword_init?", "EXCEPTION", "NoMethodError", "unde
360c616ae	sysalloc-none	completed	none	["Regexp - a capture costs the backtracking engine no C stac
36425efad	sysalloc-none	exit1	none	none
36a0f83db	sysalloc-none	exit1	none	none
370ad05ec	sysalloc-none	exit1	none	none
377279df9	sysalloc-none	exit1	none	none
378af4a41	sysalloc-none	exit1	none	none
379964be0	sysalloc-none	exit1	none	none
37e5de17e	sysalloc-none	completed	none	["Data#with", "EXCEPTION", "NoMethodError", "undefined metho
3808ebd67	sysalloc-none	completed	none	["PASS"]
38418fb84	sysalloc-none	exit1	none	none
386fb6f29	sysalloc-none	completed	none	["MRUBY_PLATFORM", "EXCEPTION", "NameError", "uninitialized 
39aecc143	sysalloc-none	fault	c24	none
39d0b512a	sysalloc-none	completed	none	["Array#sort with a block that answers with something other 
3aa8f39b1	sysalloc-none	exit1	none	none
3af63799f	sysalloc-none	completed	none	["Regexp - what a start position records is not read by the 
3b06792c3	sysalloc-none	completed	none	["String#gsub with block leaves the last match behind", "EXC
3b16879fe	sysalloc-none	completed	none	[1, "EXCEPTION", "LocalJumpError", "unexpected yield"]
3b81a74ac	sysalloc-none	completed	none	["eval a string literal at the width of the pool length", "E
3bf1b028a	sysalloc-none	exit1	none	none
3bfb27b99	sysalloc-none	completed	none	["Regexp literal /regex/", "EXCEPTION", "NameError", "uninit
3c1673279	sysalloc-none	completed	none	["Regexp - a lookbehind body forking as often as it is long 
3c43d025f	sysalloc-none	completed	none	["PASS"]
3c45f0449	sysalloc-none	completed	none	["PASS"]
3c68e4917	sysalloc-none	completed	none	["Regexp - positive lookahead (?=...)", "EXCEPTION", "NameEr
3cfe78c6b	sysalloc-none	exit1	none	none
3d0ec2771	sysalloc-none	completed	none	["a `def` in a method written in a block given to class_exec
3d25584ba	sysalloc-none	exit1	none	none
3da9b237c	sysalloc-none	completed	none	["Regexp - a backreference reads no group the running iterat
3df2926a1	sysalloc-none	exit1	none	none
3e953fd88	sysalloc-none	completed	none	["PASS"]
3ee6b2967	sysalloc-none	completed	none	["Module#public_method_defined?, #private_method_defined?, #
3fc974e95	sysalloc-none	completed	none	["REnv, closed env without the special-variable slot", "EXCE
40264c9aa	sysalloc-none	exit1	none	none
403b75fbe	sysalloc-none	completed	none	["PASS"]
40fab4b3b	sysalloc-none	completed	none	["Regexp - a relocated lookaround keeps the end of its sub-p
40feb36fa	sysalloc-none	completed	none	["Regexp - a pattern whose forks nest deeply matches", "EXCE
4104cb23c	sysalloc-none	completed	none	["Task::Queue pop returns nil after timeout", "EXCEPTION", "
41313118d	sysalloc-none	completed	none	["Complex parts keep their class", "NOT_EQUAL", "Integer", "
416acc0b3	sysalloc-none	exit1	none	none
41a0af60a	sysalloc-none	completed	none	["constant and class variable lookup: a method written in a 
421cadd18	sysalloc-none	exit1	none	none
425af3a3c	sysalloc-none	exit1	none	none
4298b5f88	sysalloc-none	completed	none	["PASS"]
4305b11a6	sysalloc-none	completed	none	["Regexp - invalid UTF-8 byte near pattern end", "EXCEPTION"
431a0ffaf	sysalloc-none	exit1	none	none
435e4c8fa	sysalloc-none	completed	none	["Regexp - a control escape names the same character however
43b4ef75f	sysalloc-none	exit1	none	none
43c0b50cb	sysalloc-none	completed	none	["Socket.ip_address_list", "EXCEPTION", "NoMethodError", "un
44906bb08	sysalloc-none	completed	none	["String#length of a binary string counts bytes", "EXCEPTION
44c7c7fe4	sysalloc-none	completed	none	["Refinement", "EXCEPTION", "NameError", "uninitialized cons
4507b4a63	sysalloc-none	completed	none	["Bigint Integer#remainder large operand", "NOT_EQUAL", "552
45347dc59	sysalloc-none	exit1	none	none
456a708bd	sysalloc-none	exit1	none	none
458078f10	sysalloc-none	completed	none	["Task::Queue.new creates a queue", "EXCEPTION", "NameError"
45993b454	sysalloc-none	completed	none	["String#sub / #gsub / #scan / #split with a non-Regexp patt
45c588a83	sysalloc-none	completed	none	["Regexp - a repetition stops on an empty iteration", "EXCEP
45e462882	sysalloc-none	exit1	none	none
4637d86c2	sysalloc-none	completed	none	["PASS"]
465e634d4	sysalloc-none	completed	none	["Regexp#hash/== on uninitialized regexp", "EXCEPTION", "Nam
4663fef45	sysalloc-none	fault	c24	none
46a3d740b	sysalloc-none	completed	none	["String#[]= answers the same through the opcode and through
46f9af966	sysalloc-none	completed	none	["MatchData#[] - negative index", "EXCEPTION", "NameError", 
470396b22	sysalloc-none	exit1	none	none
47050f0c7	sysalloc-none	completed	none	["String#inspect of a binary string escapes every byte", "EX
473c64b7d	sysalloc-none	exit1	none	none
4778dcd54	sysalloc-none	exit1	none	none
478ada3bf	sysalloc-none	completed	none	["PASS"]
4855e963b	sysalloc-none	completed	none	["unpack(\"U\") of a sequence cut short", "WRONG_MESSAGE", "
499577695	sysalloc-none	exit1	none	none
49c174a7c	sysalloc-none	completed	none	["Kernel#respond_to? answers false where respond_to_missing?
49c557c13	sysalloc-none	completed	none	["PASS"]
4a386f80e	sysalloc-none	completed	none	["PASS"]
4abed83f4	sysalloc-none	completed	none	["Regexp - alternation is leftmost-first", "EXCEPTION", "Nam
4b0ad2e2c	sysalloc-none	completed	none	["Integer - a Float too big for an mrb_int keeps every digit
4b866a84d	sysalloc-none	completed	none	["GC.step_limit=", "EXCEPTION", "NoMethodError", "undefined 
4b95cb13e	sysalloc-none	completed	none	["Float comparison with an Integer it cannot hold", "NOT_FAL
4bb0ab4fb	sysalloc-none	completed	none	["eval a symbol name at the width of the symbol length", "EX
4be0fabf5	sysalloc-none	exit1	none	none
4be3c2b22	sysalloc-none	exit1	none	none
4befdafda	sysalloc-none	completed	none	["Regexp - a broken subject is refused before the pattern is
4c0b99afc	sysalloc-none	completed	none	["String#+@ and String#-@ keep the class of the receiver", "
4c311bb32	sysalloc-none	completed	none	["Regexp - what bounds the classes a pattern nests is a tabl
4c35b03aa	sysalloc-none	completed	none	["MatchData#[] - undefined group name", "EXCEPTION", "NameEr
4d8127508	sysalloc-none	completed	none	["$1-$9 global variables", "EXCEPTION", "NameError", "uninit
4dd320295	sysalloc-none	exit1	none	none
4e4465474	sysalloc-none	completed	none	["Module#instance_methods lists a method that is unimplement
5035a4bef	sysalloc-none	completed	none	["Regexp.last_match - an explicit nil is not an omitted argu
504596459	sysalloc-none	completed	none	["Struct#== and #eql? with recursive members", "NOT_TRUE", "
50c58f649	sysalloc-none	completed	none	["PASS"]
510f67d6f	sysalloc-none	exit1	none	none
5268a5918	sysalloc-none	completed	none	["PASS"]
534efe0f3	sysalloc-none	completed	none	["protected method with an explicit receiver", "EXCEPTION", 
54826bc75	sysalloc-none	completed	none	["Struct#deconstruct", "EXCEPTION", "NoMethodError", "undefi
5484823a1	sysalloc-none	completed	none	["a safe navigation call on a written self is made", "NOT_EQ
54a4a823b	sysalloc-none	completed	none	["Regexp - a name the pattern ends inside says which it was"
54c8427df	sysalloc-none	completed	none	["Regexp - \\b inside character class is backspace", "EXCEPT
54da3f2f7	sysalloc-none	completed	none	["PASS"]
556f0915f	sysalloc-none	completed	none	["Regexp - a match does not end inside a character", "EXCEPT
55ae46dcf	sysalloc-none	completed	none	["BasicObject#== defined by a class is asked about the recei
55b6deab4	sysalloc-none	completed	none	["Regexp - POSIX brackets hold ASCII and nothing above it", 
55cb039f5	sysalloc-none	completed	none	["Regexp - an empty group takes a quantifier", "EXCEPTION", 
55dcb6449	sysalloc-none	completed	none	["defined? on constant paths (A::B)", "EXCEPTION", "NoMethod
55f0228bf	sysalloc-none	completed	none	[nil, "NOT_EQUAL", "-2", "-1"]
56183f2a3	sysalloc-none	watchdog	none	["Process.pid", "EXCEPTION", "NameError", "uninitialized con
5634ac6f5	sysalloc-none	completed	none	[nil, "WRONG_RAISE", "NameError"]
5701a34f9	sysalloc-none	completed	none	["OP_GETIDX0 does not retain a String result in the GC arena
581092a75	sysalloc-none	completed	none	["Regexp - named backreference \\k", "EXCEPTION", "NameError
582b0887e	sysalloc-none	exit1	none	none
584a4bb56	sysalloc-none	exit1	none	none
58aacae5a	sysalloc-none	completed	none	["String overrides search a pattern whose `match` was rewrit
5909efc22	sysalloc-none	completed	none	["Process::Status is frozen once built", "EXCEPTION", "NameE
59552ecb8	sysalloc-none	completed	none	["PASS"]
5a3530196	sysalloc-none	exit1	none	none
5a9f2bd2a	sysalloc-none	completed	none	["String#valid_encoding? survives what the string goes throu
5acace0a5	sysalloc-none	exit1	none	none
5b3fa52a2	sysalloc-none	completed	none	["Struct.new dispatches an overridden initialize", "EXCEPTIO
5c5431a69	sysalloc-none	completed	none	["`super` and `yield` in a string given to eval belong to th
5dd425dc7	sysalloc-none	exit1	none	none
5dff2be5a	sysalloc-none	exit1	none	none
5e0340497	sysalloc-none	completed	none	["Bigint int64 conversion covers the whole signed 64-bit ran
5e77136c3	sysalloc-none	completed	none	["Module#attr_* answer the names they define", "NOT_EQUAL", 
5e8a65457	sysalloc-none	completed	none	["PASS"]
5ef1e59ed	sysalloc-none	completed	none	["exception raised from C after blocking past the timeslice 
5f6ffc455	sysalloc-none	completed	none	["REnv, the shutdown detach keeps the top-level container", 
5fcd3f012	sysalloc-none	exit1	none	none
5fe6813ae	sysalloc-none	completed	none	["PASS"]
5ffcc0034	sysalloc-none	completed	none	["Regexp - a word boundary sits beside any script", "EXCEPTI
606d9a6b2	sysalloc-none	completed	none	["Hash scans that carry a pair into a set the hash no longer
6071cf113	sysalloc-none	completed	none	["Data#deconstruct", "EXCEPTION", "NoMethodError", "undefine
60abaa7d1	sysalloc-none	completed	none	["PASS"]
616af8ba4	sysalloc-none	completed	none	["Process::Status keeps its pid and raw status out of instan
617952367	sysalloc-none	completed	none	["PASS"]
618137d17	sysalloc-none	completed	none	["String#sub! / #gsub! rewrite the receiver's character read
618ba9435	sysalloc-none	completed	none	["Regexp - Unicode case folding under /i", "EXCEPTION", "Nam
619797cea	sysalloc-none	completed	none	["sprintf rejects an oversized float precision/width", "WRON
61b1a4447	sysalloc-none	completed	none	["String#% with the 0 flag and a sign", "NOT_EQUAL", "\"-001
61c001fa7	sysalloc-none	completed	none	[nil, "WRONG_RAISE", "NoMethodError"]
623397e7c	sysalloc-none	completed	none	[nil, "NOT_TRUE", "false"]
6248b5809	sysalloc-none	exit1	none	none
628ccec60	sysalloc-none	completed	none	["Task.current.name still answers \"main\" after GC", "NOT_E
632400658	sysalloc-none	completed	none	["Regexp - /i keeps the word class inside ASCII", "EXCEPTION
638b0231e	sysalloc-none	completed	none	["PASS"]
643b60bb2	sysalloc-none	completed	none	["Regexp - a character class intersection is refused, not re
6463a3771	sysalloc-none	completed	none	["Regexp - a curly brace that is not a quantifier is a liter
653bb9762	sysalloc-none	completed	none	["Array#count - the walk made in C", "NOT_EQUAL", "2", "4"]
656e20bb4	sysalloc-none	completed	none	["super forwards the caller's block from inside a block", "N
65bc860bf	sysalloc-none	completed	none	["OP_GETIDX does not retain its result in the GC arena", "EX
6722d3550	sysalloc-none	completed	none	["Array#max, #min - the walk made in C", "WRONG_RAISE", "NoM
672f2702f	sysalloc-none	exit1	none	none
675090807	sysalloc-none	completed	none	["$&, $`, $' and $+ global variables", "EXCEPTION", "NameErr
6773aec8b	sysalloc-none	completed	none	["Complex#eql?", "NOT_FALSE", "true"]
680084ac1	sysalloc-none	completed	none	["pattern matching - a capture in a block binds the local of
694c552bc	sysalloc-none	completed	none	["Regexp - pattern too large for its jump targets is refused
6a7bd9591	sysalloc-none	completed	none	["Kernel#Integer with a number too big for mrb_int", "EXCEPT
6aacdfdf0	sysalloc-none	completed	none	["StructClass.[] dispatches an overridden initialize", "EXCE
6c0e11240	sysalloc-none	exit1	none	none
6d26fcd0f	sysalloc-none	completed	none	["IO#seek from the current position", "EXCEPTION", "TypeErro
6d76a3eb2	sysalloc-none	exit1	none	none
6d99e8dec	sysalloc-none	exit1	none	none
6db1ffb88	sysalloc-none	completed	none	["PASS"]
6deafd810	sysalloc-none	completed	none	["Regexp - empty pattern", "EXCEPTION", "NameError", "uninit
6ebf8b2b4	sysalloc-none	completed	none	[nil, "WRONG_CLASS", "NameError"]
6f6952f05	sysalloc-none	completed	none	["Rational#== when the cross product overflows mrb_int but n
6fb855015	sysalloc-none	completed	none	["Module#prepend leaves a frozen class frozen", "NO_RAISE"]
6fd6cdde0	sysalloc-none	exit1	none	none
7020eb5fd	sysalloc-none	completed	none	["PASS"]
70acd57e5	sysalloc-none	completed	none	["Regexp - {0} erases a call's code but not its reference ch
70cf11fc4	sysalloc-none	exit1	none	none
715689514	sysalloc-none	completed	none	["PASS"]
715993e11	sysalloc-none	completed	none	["mrb_ary_unshift respects a frozen receiver", "WRONG_RAISE"
7180349ba	sysalloc-none	completed	none	["PASS"]
71d18572e	sysalloc-none	completed	none	["PASS"]
71f9c1eb9	sysalloc-none	completed	none	["IO#close_write closes the stream for writing", "EXCEPTION"
727ae28ad	sysalloc-none	watchdog	none	none
728356021	sysalloc-none	completed	none	["Regexp - named captures", "EXCEPTION", "NameError", "unini
735b94535	sysalloc-none	completed	none	["Integer bitwise ops reject non-Integer operands", "NO_RAIS
73b19041d	sysalloc-none	completed	none	["PASS"]
7473a7103	sysalloc-none	completed	none	["BasicObject reopened at the top level is the class Object 
748591801	sysalloc-none	completed	none	["Regexp - an upper bound below the lower one is an error", 
755f1471e	sysalloc-none	completed	none	["unpack(\"U\") over every lead byte", "NOT_EQUAL", ":redund
75ac98a09	sysalloc-none	exit1	none	none
75b038b69	sysalloc-none	completed	none	["Array set operations compare with eql? on both sides of th
763503a13	sysalloc-none	completed	none	["an exception in a synchronously executed proc comes back a
765637b91	sysalloc-none	completed	none	["an unimplemented method reports itself by name", "WRONG_CL
77d1d928f	sysalloc-none	fault	c24	none
7806a13e0	sysalloc-none	exit1	none	none
7862266f5	sysalloc-none	completed	none	[nil, "NO_RAISE"]
78c39a4bb	sysalloc-none	exit1	none	none
78d761add	sysalloc-none	completed	none	["Regexp extended mode (x flag)", "EXCEPTION", "NameError", 
79d34165c	sysalloc-none	completed	none	["Regexp - group name longer than a uint16 length", "EXCEPTI
7bb8f3836	sysalloc-none	completed	none	["Module.nesting from a method with a receiver", "NOT_EQUAL"
7bbfb3188	sysalloc-none	completed	none	["Comparable#clamp with a NaN for a bound", "NO_RAISE"]
7c0c643eb	sysalloc-none	completed	none	["Array#minmax - the walk made in C", "WRONG_RAISE", "NoMeth
7c5915799	sysalloc-none	completed	none	["Struct#== and #eql? with a member that replaces the storag
7c6059908	sysalloc-none	exit1	none	none
7c89b951b	sysalloc-none	completed	none	["defined? names it a local variable", "EXCEPTION", "NoMetho
7c9f63bd1	sysalloc-none	exit1	none	none
7ca58a7c7	sysalloc-none	completed	none	["scheduler hook fires at every scheduler entry", "EXCEPTION
7cbf44f21	sysalloc-none	completed	none	["a constant defined in a string given to eval belongs to th
7d626242a	sysalloc-none	completed	none	["the constant cache forgets an irep when the irep is freed"
7de519b23	sysalloc-none	completed	none	["Signal.signame", "EXCEPTION", "NameError", "uninitialized 
7e0417185	sysalloc-none	completed	none	["Regexp - a backslash the pattern ends after says which it 
7fecf84de	sysalloc-none	completed	none	["Regexp - overlong UTF-8 is not the character it spells", "
8017fa12d	sysalloc-none	completed	none	["defined? on statically-decidable operands", "EXCEPTION", "
80c781b6c	sysalloc-none	exit1	none	none
8116d5a09	sysalloc-none	completed	none	["String#+ over two all-ASCII operands is not CRuby", "EXCEP
81c41e6bb	sysalloc-none	completed	none	["Regexp.__byte_search answers a position before the subject
82288cbdc	sysalloc-none	completed	none	["a float pool entry loads where Float is missing, and runs 
823cdb346	sysalloc-none	exit1	none	none
83cd48719	sysalloc-none	exit1	none	none
840191597	sysalloc-none	completed	none	["Regexp - large non-ASCII character class does not overflow
8445f1cc6	sysalloc-none	exit1	none	none
847cd89c2	sysalloc-none	completed	none	["MatchData#inspect - a match a literal String pattern made"
8488ab310	sysalloc-none	exit1	none	none
84cc5aa60	sysalloc-none	fault	c24	none
84e349578	sysalloc-none	completed	none	["REnv, MRB_ENV_SET_BIDX() evaluates its index exactly once"
8551deba4	sysalloc-none	completed	none	["eval string in a method starts at the visibility of the sc
85cd3feab	sysalloc-none	completed	none	["the five names stand wherever a read of a global stands", 
87cac946c	sysalloc-none	completed	none	["Array shared from an emptied heap array keeps a buffer", "
8903feacf	sysalloc-none	exit1	none	none
8909b7998	sysalloc-none	completed	none	["Bigint normalizes the smallest Integer", "NOT_EQUAL", "-92
893cb4edc	sysalloc-none	completed	none	["Regexp#options", "EXCEPTION", "NameError", "uninitialized 
8a320aa40	sysalloc-none	completed	none	["PASS"]
8b0c2ef6f	sysalloc-none	completed	none	["Array#== takes an element for equal to itself", "NOT_TRUE"
8b381f80f	sysalloc-none	completed	none	["MatchData#named_captures - a name given to several groups"
8bad4d5dd	sysalloc-none	completed	none	["PASS"]
8bd5bd0ea	sysalloc-none	completed	none	["a piece cut from a subject is its own string", "EXCEPTION"
8c841a058	sysalloc-none	exit1	none	none
8ce99aa18	sysalloc-none	exit1	none	none
8d50e0cfa	sysalloc-none	exit1	none	none
8d92379d7	sysalloc-none	exit1	none	none
8da00e9ba	sysalloc-none	completed	none	["Binding#eval on a binding taken in a method with a receive
8e767351a	sysalloc-none	completed	none	["Range with a NaN for an end", "NO_RAISE"]
8ea996186	sysalloc-none	exit1	none	none
9082c519b	sysalloc-none	completed	none	["PASS"]
90aae07cf	sysalloc-none	completed	none	["String#sub / #gsub turn \\1-\\9 off where the pattern name
90e568e8e	sysalloc-none	completed	none	["an operator instruction checks visibility on the send it f
91502b798	sysalloc-none	completed	none	["IO#gets - separator across a buffer boundary", "EXCEPTION"
921afaf03	sysalloc-none	completed	none	["Enumerable size arguments reject a redefined converter", "
92e5fbbaf	sysalloc-none	exit1	none	none
9391f5ea8	sysalloc-none	exit1	none	none
93eb74a59	sysalloc-none	fault	c24	none
94993eede	sysalloc-none	fault	c24	none
94aa382c3	sysalloc-none	completed	none	["Module#define_method - the visibility it takes from the sc
94bef8f9b	sysalloc-none	completed	none	["`return` in a string given to eval leaves the calling meth
9508c759c	sysalloc-none	exit1	none	none
951f5a0b4	sysalloc-none	completed	none	["pattern matching - the case value survives a failed clause
953304a1f	sysalloc-none	completed	none	["defined? on a call carrying a block", "EXCEPTION", "NoMeth
954e172c7	sysalloc-none	completed	none	[nil, "WRONG_RAISE", "NoMethodError"]
95afe8b24	sysalloc-none	completed	none	["String#valid_encoding? answers the same however the string
95eaa54ca	sysalloc-none	exit1	none	none
964f944c9	sysalloc-none	completed	none	["GC.malloc_threshold - byte pressure advances an incrementa
9654829ef	sysalloc-none	completed	none	["Regexp - a capture inside a negative lookbehind is refused
9660f398a	sysalloc-none	exit1	none	none
9742db691	sysalloc-none	completed	none	["MatchData#values_at", "EXCEPTION", "NameError", "uninitial
97d5b6a7f	sysalloc-none	completed	none	["OP_MATH does not retain a boxed Float in the GC arena", "E
97db08cb3	sysalloc-none	completed	none	["Regexp - atomic group (?>...)", "EXCEPTION", "NameError", 
97ef20933	sysalloc-none	completed	none	["defined? on a constant path of any depth", "EXCEPTION", "N
98697c185	sysalloc-none	completed	none	["String#sub \\' post-match uses byte length, not strlen (is
988746883	sysalloc-none	exit1	none	none
990fe5afe	sysalloc-none	completed	none	["Array#uniq, Array#- and Array#include? with a NaN", "NOT_E
9982bc122	sysalloc-none	completed	none	["PASS"]
9aaa7ce5f	sysalloc-none	completed	none	["method_missing is dispatched regardless of its visibility"
9b44d5d56	sysalloc-none	completed	none	["defined? on a method reached through a receiver", "EXCEPTI
9b6a551ec	sysalloc-none	completed	none	["a string given to eval runs under the class the calling fr
9b7e1a599	sysalloc-none	completed	none	["Regexp - inline options (?i) / (?i:...)", "EXCEPTION", "Na
9b8520f58	sysalloc-none	exit1	none	none
9bde072d5	sysalloc-none	completed	none	["Regexp - an attempt in flight opens no match position insi
9c4e7ea0f	sysalloc-none	completed	none	["Regexp - UTF-8 codepoints in character class", "EXCEPTION"
9cde96053	sysalloc-none	exit1	none	none
9d2d4b169	sysalloc-none	completed	none	["PASS"]
9da6f2abb	sysalloc-none	exit1	none	none
9e273a72d	sysalloc-none	completed	none	["Process.waitpid through a replaced Process::Status#initial
9e9333747	sysalloc-none	completed	none	["Regexp - named captures survive /x preprocessing", "EXCEPT
9eb5b5e86	sysalloc-none	completed	none	["PASS"]
9ee68194b	sysalloc-none	completed	none	["Addrinfo.getaddrinfo rejects out-of-range integer hints", 
9ef064f65	sysalloc-none	completed	none	["assignment to a captured local is worth its value", "NOT_E
9f1f17233	sysalloc-none	completed	none	["mrb_gc_register counts its registrations", "EXCEPTION", "N
9f3a1ccb9	sysalloc-none	completed	none	["keyword arguments with fifteen or more positional paramete
9f82c532c	sysalloc-none	completed	none	["PASS"]
a00e81b9e	sysalloc-none	exit1	none	none
a088da12f	sysalloc-none	exit1	none	none
a10097cdf	sysalloc-none	completed	none	["Regexp - a backreference under /i folds a byte-indexed sub
a2047c806	sysalloc-none	exit1	none	none
a27d14158	sysalloc-none	completed	none	["Symbol#== redefined on Symbol itself reaches the redefinit
a2d11dd91	sysalloc-none	exit1	none	none
a2f385e8d	sysalloc-none	completed	none	["mrb_load_file_cxt reports a stream it cannot read", "EXCEP
a3aa0f69b	sysalloc-none	completed	none	["IO#eof? is answered again after the end", "EXCEPTION", "Ty
a496d48d2	sysalloc-none	exit1	none	none
a54353ecf	sysalloc-none	completed	none	["Hash lookup with the matched entry vacated by an eql? call
a5f6411b1	sysalloc-none	watchdog	none	none
a7805f789	sysalloc-none	completed	none	["eval with a filename too long for a symbol", "WRONG_MESSAG
a790bb2c1	sysalloc-none	completed	none	["Regexp - /i does not read a byte above 127 as a character"
a7c5ab620	sysalloc-none	exit1	none	none
a7c879059	sysalloc-none	exit1	none	none
a7fc8a908	sysalloc-none	completed	none	["Regexp - patterns that used to hang the compiler now raise
a852ae127	sysalloc-none	completed	none	["Module.nesting and Module.constants from a method written 
a91b78ae7	sysalloc-none	completed	none	["OP_LOADL does not retain a boxed Integer in the GC arena",
a97d9609a	sysalloc-none	completed	none	["String#sub / #gsub expand \\k<name> in the replacement", "
a9ba9656b	sysalloc-none	exit1	none	none
aa208b621	sysalloc-none	completed	none	["Regexp - POSIX bracket classes", "EXCEPTION", "NameError",
aa92e5c02	sysalloc-none	completed	none	["PASS"]
ab3a1cc1b	sysalloc-none	completed	none	["Regexp - /i has no character to fold in a byte-indexed pat
aba5514d3	sysalloc-none	completed	none	["pattern matching - the clauses of a case share one deconst
ad453c376	sysalloc-none	completed	none	["MatchData#[] - group name longer than a uint16 length", "E
ad52a24e1	sysalloc-none	completed	none	["Process.kill with a signal name too long for any signal", 
ae092ca08	sysalloc-none	exit1	none	none
ae0f6d2f5	sysalloc-none	exit1	none	none
ae4e63f28	sysalloc-none	completed	none	["Regexp - a nest level on a \\k reference is refused", "EXC
aea2bbcbe	sysalloc-none	completed	none	["IO#autoclose?, IO#autoclose=", "EXCEPTION", "TypeError", "
af6f23ddb	sysalloc-none	fault	c24	none
af911acad	sysalloc-none	completed	none	["Bigint -/+ keeps the sign when a small operand grows the m
afa5b5c4d	sysalloc-none	completed	none	["PASS"]
b008fff41	sysalloc-none	exit1	none	none
b023e3460	sysalloc-none	exit1	none	none
b04b6c20a	sysalloc-none	completed	none	["Struct#to_h with a block", "NOT_EQUAL", "{\"white\" => \"r
b0ab0753e	sysalloc-none	exit1	none	none
b0b1de54e	sysalloc-none	completed	none	["a string given to eval is named for the method that called
b182e5b65	sysalloc-none	exit1	none	none
b20a456f4	sysalloc-none	completed	none	["the strip family leaves what the bytes read as standing", 
b2953dcdb	sysalloc-none	completed	none	["$&, $`, $', $+ and $1 onward read $~ as it stands", "EXCEP
b2d2cd15e	sysalloc-none	completed	none	["pattern matching - a deconstruction hook has to answer a H
b33f21f83	sysalloc-none	completed	none	["String#gsub and #scan finish after repeated zero-width ass
b36fbeee9	sysalloc-none	completed	none	["mrb_integer_to_bytes and mrb_integer_from_bytes", "EXCEPTI
b3c313d8c	sysalloc-none	completed	none	["PASS"]
b40efd5f3	sysalloc-none	exit1	none	none
b4388e29a	sysalloc-none	exit1	none	none
b4f645050	sysalloc-none	completed	none	["operator override with negative integer literal", "NOT_EQU
b53fafab8	sysalloc-none	completed	none	["Regexp - a class holds the union of its ranges however the
b5a019cb7	sysalloc-none	completed	none	["Regexp - ^ and $ always match at line boundaries", "EXCEPT
b70a53d39	sysalloc-none	completed	none	["Array#intersection with no argument copies the receiver", 
b756e6fa3	sysalloc-none	completed	none	["Data with overridden initialize (keyword style)", "EXCEPTI
b7df80fc4	sysalloc-none	completed	none	["$! names the exception a rescue modifier is running", "EXC
b8a2158c5	sysalloc-none	completed	none	["Regexp - empty group name", "WRONG_RAISE", "NameError"]
b8b8ceb27	sysalloc-none	completed	none	["pattern matching - a subject with no deconstruction hook d
b8b9ac920	sysalloc-none	completed	none	["String overrides run a pattern whose operation cores were 
b956bcafa	sysalloc-none	exit1	none	none
b98444df2	sysalloc-none	exit1	none	none
b98d038bd	sysalloc-none	completed	none	["IO#write to a duplex stream after a buffered read", "EXCEP
b9b8186f0	sysalloc-none	completed	none	["Regexp - consecutive optional quantifiers (#6853)", "EXCEP
ba5011779	sysalloc-none	completed	none	["PASS"]
ba629b49c	sysalloc-none	exit1	none	none
bbeaf8531	sysalloc-none	completed	none	["MatchData#begin / #end - group name", "EXCEPTION", "NameEr
bcacba1e1	sysalloc-none	completed	none	["Regexp - quantifier on a multibyte literal", "EXCEPTION", 
bd21fe4aa	sysalloc-none	exit1	none	none
bd41ddb4a	sysalloc-none	completed	none	["PASS"]
be4e03a20	sysalloc-none	completed	none	["Kernel#Float with a hexadecimal number too big for mrb_int
be85f1618	sysalloc-none	completed	none	["Array#intersection narrows by every argument, not by their
be8e1468c	sysalloc-none	exit1	none	none
beb576c7e	sysalloc-none	completed	none	["PASS"]
bef45e223	sysalloc-none	fault	c24	none
bfc3eb767	sysalloc-none	exit1	none	none
c04b53473	sysalloc-none	completed	none	["defined? on a constant path resolves each name as reading 
c04daf59b	sysalloc-none	completed	none	["PASS"]
c0501d107	sysalloc-none	exit1	none	none
c05a266a5	sysalloc-none	completed	none	["raise without arguments re-raises the exception being resc
c064b6edd	sysalloc-none	exit1	none	none
c0b1e87c0	sysalloc-none	completed	none	[nil, "WRONG_RAISE", "NoMethodError"]
c0c8c7d47	sysalloc-none	completed	none	["MatchData captures across alternation branches", "EXCEPTIO
c101b8bfa	sysalloc-none	completed	none	["Rational#hash agrees with #==", "NOT_EQUAL", "3340850341",
c10297838	sysalloc-none	completed	none	["Regexp - a pattern forking as often as it is long compiles
c1b6b302b	sysalloc-none	completed	none	["pack(\"U\") with a value outside the Unicode range", "NO_R
c24487183	sysalloc-none	completed	none	["Regexp.last_match reads one group, never a slice", "EXCEPT
c26c812a5	sysalloc-none	exit1	none	none
c3b287d60	sysalloc-none	completed	none	["IO#puts with an element that replaces the array", "EXCEPTI
c3d44f929	sysalloc-none	exit1	none	none
c4627a60f	sysalloc-none	completed	none	["PASS"]
c49cd31a9	sysalloc-none	exit1	none	none
c50c59b81	sysalloc-none	completed	none	["MatchData - subject is snapshotted at match time", "EXCEPT
c5960d0a8	sysalloc-none	completed	none	["Data#to_h with a block", "NOT_EQUAL", "{\"white\" => \"ruu
c6866eed4	sysalloc-none	completed	none	["PASS"]
c6f5273d3	sysalloc-none	exit1	none	none
c75634315	sysalloc-none	completed	none	["MRUBY_REVISION", "EXCEPTION", "NameError", "uninitialized 
c793c1217	sysalloc-none	exit1	none	none
c7c15f5ad	sysalloc-none	completed	none	["Regexp#to_s - a leading option group folds into the printe
c8443d8d0	sysalloc-none	completed	none	["string interpolation with refinement", "EXCEPTION", "NoMet
c8486f56a	sysalloc-none	completed	none	["PASS"]
c87e2d1db	sysalloc-none	completed	none	["NilClass#=~", "EXCEPTION", "NoMethodError", "undefined met
c8c05958d	sysalloc-none	completed	none	[nil, "WRONG_RAISE", "NoMethodError"]
c8e5aec5d	sysalloc-none	completed	none	["Regexp#dup and Regexp#clone", "EXCEPTION", "NameError", "u
c938f60d6	sysalloc-none	completed	none	["Regexp - a literal is found wherever the scan on its ends 
c9e6d78f1	sysalloc-none	completed	none	["PASS"]
ca1ea88eb	sysalloc-none	completed	none	["PASS"]
caf35c91e	sysalloc-none	completed	none	["defined? sees through parentheses around one expression", 
cafc53ae4	sysalloc-none	completed	none	["Regexp - a '[' inside a class opens something, and is refu
cb51fce92	sysalloc-none	fault	c2	none
cb767edb0	sysalloc-none	exit1	none	none
cbe0940ce	sysalloc-none	completed	none	["Bigint <=>", "NOT_EQUAL", "1", "0"]
cc20c7d3a	sysalloc-none	exit1	none	none
cc8d613be	sysalloc-none	completed	none	["Array#sort with a NaN in it", "NO_RAISE"]
cca7b0d13	sysalloc-none	exit1	none	none
ccb62ceb5	sysalloc-none	completed	none	["String#scrub default replacement (U+FFFD)", "EXCEPTION", "
cd5d88456	sysalloc-none	completed	none	["adding or subtracting a literal zero still sends the opera
cdd4a88e6	sysalloc-none	exit1	none	none
cddaec726	sysalloc-none	completed	none	[nil, "NOT_EQUAL", ":match", ":nomatch"]
cde908924	sysalloc-none	exit1	none	none
cee9a5704	sysalloc-none	completed	none	["$& and $1 - defined? where they read other than nil", "EXC
d055fcc97	sysalloc-none	completed	none	["String#rindex on a binary string counts bytes", "EXCEPTION
d141e1c2b	sysalloc-none	exit1	none	none
d1ccfd482	sysalloc-none	exit1	none	none
d215e0a5f	sysalloc-none	completed	none	[nil, "NOT_EQUAL", "\"a\"", "\"\\x00a\""]
d21d19290	sysalloc-none	completed	none	["Regexp - character class range across the ASCII boundary",
d21eceb28	sysalloc-none	completed	none	["Regexp - empty-matchable patterns find earliest match posi
d24ff0e81	sysalloc-none	completed	none	["IO#ungetc after grow and partial read", "EXCEPTION", "Name
d2e8e1ffe	sysalloc-none	completed	none	["Bigint eql?", "NOT_FALSE", "true"]
d3354aac2	sysalloc-none	completed	none	["Regexp - the /x pass and the named-group scan skip the sam
d461aba63	sysalloc-none	completed	none	["Regexp - \\Z matches before a trailing newline under both 
d4aad5dff	sysalloc-none	completed	none	["brace-less variable interpolation", "NOT_EQUAL", "\"aIVb\"
d53edb5f8	sysalloc-none	completed	none	["Array#flatten detects recursion", "WRONG_MESSAGE", "\"arra
d5baeef03	sysalloc-none	completed	none	["PASS"]
d5bd7a611	sysalloc-none	completed	none	["Regexp - more capture groups than the engine holds", "WRON
d66fbf029	sysalloc-none	completed	none	[nil, "NO_RAISE"]
d72dd0bf4	sysalloc-none	exit1	none	none
d78e6eb63	sysalloc-none	exit1	none	none
d7941d3af	sysalloc-none	exit1	none	none
d8911416c	sysalloc-none	fault	c24	none
d8ed2d3db	sysalloc-none	completed	none	["PASS"]
d905ad11c	sysalloc-none	completed	none	["a parser state freed first leaves a younger one intact", "
d92978aad	sysalloc-none	completed	none	[nil, "NO_RAISE"]
da2a3b90c	sysalloc-none	completed	none	["block parameter with trailing comma (implicit rest)", "NOT
da3096e24	sysalloc-none	completed	none	["Regexp - a lookbehind body of many forks is measured once 
da41af3c9	sysalloc-none	completed	none	["Regexp - quantified first alternative does not leak into t
da7123200	sysalloc-none	completed	none	["Regexp - a byte that belongs to no character is a match po
daa10fa42	sysalloc-none	completed	none	["Regexp - `&&` puts the brackets either side of it as one q
daa988b13	sysalloc-none	exit1	none	none
dab150007	sysalloc-none	completed	none	["Regexp#to_s", "EXCEPTION", "NameError", "uninitialized con
db16fbc15	sysalloc-none	exit1	none	none
db3cd5f57	sysalloc-none	completed	none	[nil, "WRONG_RAISE", "NoMethodError"]
dbfda0ef2	sysalloc-none	completed	none	["Regexp - a hex escape needs at least one digit", "WRONG_CL
dc6b2691f	sysalloc-none	exit1	none	none
dcddbd4ab	sysalloc-none	exit1	none	none
ddae2fe7c	sysalloc-none	completed	none	["defined? on operands resolved at run time", "EXCEPTION", "
dddbab5ab	sysalloc-none	exit1	none	none
de4638090	sysalloc-none	completed	none	["Process::Status.new with a status too large for the platfo
dec5978e9	sysalloc-none	completed	none	["PASS"]
dfeeebe05	sysalloc-none	completed	none	["defined? on global/class variables and super", "EXCEPTION"
e05772dee	sysalloc-none	completed	none	[nil, "WRONG_CLASS", "NameError"]
e0893b8d9	sysalloc-none	completed	none	["safe navigation operator-assignment short-circuits on nil"
e133dcda5	sysalloc-none	completed	none	["PASS"]
e23e0d59b	sysalloc-none	completed	none	["PASS"]
e246b2c05	sysalloc-none	completed	none	["Regexp - repetition with a zero lower bound", "EXCEPTION",
e2647a647	sysalloc-none	completed	none	["GC heap region smaller than the alignment padding", "EXCEP
e2b4585e4	sysalloc-none	completed	none	["GC.step_ratio= / GC.interval_ratio= reject an out-of-int-r
e368de2ff	sysalloc-none	exit1	none	none
e3d1e4c65	sysalloc-none	completed	none	["Process::CLOCK_REALTIME and the rest", "EXCEPTION", "NameE
e496f5e3f	sysalloc-none	exit1	none	none
e54545bdb	sysalloc-none	completed	none	["PASS"]
e5d602d89	sysalloc-none	completed	none	["Regexp - a digit escape is a backreference or an octal esc
e6a603fcc	sysalloc-none	completed	none	["PASS"]
e6fc59d1e	sysalloc-none	completed	none	["PASS"]
e781ee868	sysalloc-none	completed	none	["Regexp.union", "EXCEPTION", "NameError", "uninitialized co
e7bff507e	sysalloc-none	completed	none	["PASS"]
e8758974f	sysalloc-none	completed	none	["eval of a local variable whose name is too long for a symb
e8895760b	sysalloc-none	exit1	none	none
e8ee4b997	sysalloc-none	completed	none	["a binding taken in a `define_method` block sees the block'
e9063c11b	sysalloc-none	exit1	none	none
eaa894be4	sysalloc-none	completed	none	["Bigint uint64 conversion covers the whole unsigned 64-bit 
eaca460c7	sysalloc-none	completed	none	["Array - a frozen receiver of a call that writes nothing", 
eb701fa5b	sysalloc-none	completed	none	["GC.malloc_threshold - does not mark through stale realloc 
eb7693857	sysalloc-none	fault	c24	none
ebfdf8ae4	sysalloc-none	completed	none	["inherited hook runs before block body", "NOT_EQUAL", "[1, 
ec0b80976	sysalloc-none	completed	none	["eval a `super` and a `yield` at the width of the forwarded
ec2387379	sysalloc-none	completed	none	["eval a `super` and a `yield` at the width of the forwardin
ec89364c4	sysalloc-none	fault	c7	none
eccb4b63c	sysalloc-none	completed	none	["Kernel#Rational with a Rational operand stays exact", "NOT
ecd891b46	sysalloc-none	exit1	none	none
ee00c31d2	sysalloc-none	exit1	none	none
ee9cdee05	sysalloc-none	completed	none	["String#swapcase - Unicode", "EXCEPTION", "NameError", "uni
eeb2e4930	sysalloc-none	completed	none	["PASS"]
eec381dd6	sysalloc-none	completed	none	["Regexp - a lookbehind body of no fixed width says which it
eef662616	sysalloc-none	completed	none	["Regexp - a group name may not be a number", "WRONG_CLASS",
eefa944d0	sysalloc-none	completed	none	["Data with no members", "EXCEPTION", "TypeError", "corrupte
ef283321f	sysalloc-none	completed	none	["Regexp - a character property escape is refused, not read 
ef6cc8586	sysalloc-none	completed	none	["String overrides search a pattern whose `__byte_match` was
f0db87885	sysalloc-none	exit1	none	none
f10cbfe7d	sysalloc-none	completed	none	["Regexp - a backreference names a group the pattern has", "
f1232334c	sysalloc-none	completed	none	["Task#value returns exception object for unhandled task err
f20eeefaa	sysalloc-none	completed	none	["a `def` in a block given to class_exec or module_exec adds
f271c7a37	sysalloc-none	completed	none	["MatchData cannot be constructed", "WRONG_RAISE", "NameErro
f2e3c65a4	sysalloc-none	completed	none	[nil, "NOT_EQUAL", "1", "-1"]
f2fac3e64	sysalloc-none	exit1	none	none
f32e14833	sysalloc-none	exit1	none	none
f33a26408	sysalloc-none	completed	none	["eval names the line a generator error is on", "WRONG_MESSA
f3cedd69b	sysalloc-none	completed	none	["Kernel.<conversion> module functions", "EXCEPTION", "NoMet
f46840afc	sysalloc-none	completed	none	["Binding#local_variable_set moves the special-variable slot
f46ccc372	sysalloc-none	completed	none	["Regexp - multibyte (UTF-8) match extraction", "EXCEPTION",
f4a8cdd91	sysalloc-none	completed	none	["Regexp#match - Symbol argument", "EXCEPTION", "NameError",
f4ba19d7e	sysalloc-none	completed	none	["PASS"]
f4cec14a4	sysalloc-none	exit1	none	none
f525917fb	sysalloc-none	completed	none	[nil, "WRONG_CLASS", "NoMethodError"]
f5a87a345	sysalloc-none	completed	none	["Rational#<=> is exact", "EXCEPTION", "NoMethodError", "und
f5ca90685	sysalloc-none	completed	none	["bare `nil?` in if/unless uses self as receiver (#6874)", "
f5cb8e139	sysalloc-none	completed	none	["Regexp - repeated group keeps each iteration self-containe
f70016a1f	sysalloc-none	exit1	none	none
f71bd2297	sysalloc-none	completed	none	["String#encoding survives a copy", "EXCEPTION", "NameError"
f7834c3c6	sysalloc-none	completed	none	["PASS"]
f98156534	sysalloc-none	completed	none	["String#chop! on a binary string removes one byte", "EXCEPT
f9adb3017	sysalloc-none	exit1	none	none
fa3bb5c3b	sysalloc-none	exit1	none	none
fa3dead08	sysalloc-none	completed	none	["Float comparison redefined on Float itself reaches the red
fa802172e	sysalloc-none	completed	none	["PASS"]
fad01b0ef	sysalloc-none	completed	none	["Integer operators on two literals reach a redefinition", "
fad5b98f2	sysalloc-none	completed	none	["Regexp - a ')' that closes no group says which it was", "W
fadbd00ed	sysalloc-none	completed	none	["Regexp - a repeat count above what the engine takes", "WRO
fb4974528	sysalloc-none	completed	none	["Hash#key keeps the key it answers with across the comparis
fb7732026	sysalloc-none	completed	none	["String#casecmp? - Unicode", "EXCEPTION", "NameError", "uni
fb83b7f83	sysalloc-none	completed	none	["Regexp - a named group makes plain groups non-capturing", 
fbd8ec63e	sysalloc-none	completed	none	["Process.times", "EXCEPTION", "NameError", "uninitialized c
fcc9ff08d	sysalloc-none	exit1	none	none
fd25b7fb3	sysalloc-none	exit1	none	none
fd4700bc9	sysalloc-none	exit1	none	none
fd6a18284	sysalloc-none	completed	none	["PASS"]
fdc9449f8	sysalloc-none	exit1	none	none
fe17d6636	sysalloc-none	exit1	none	none
fe4d72e7b	sysalloc-none	exit1	none	none
fe5e494dc	sysalloc-none	completed	none	["MatchData#inspect", "EXCEPTION", "NameError", "uninitializ
fecbc01bb	sysalloc-none	completed	none	["PASS"]
ff047f5fe	sysalloc-none	fault	c24	none
ff8f9e785	sysalloc-none	completed	none	[nil, "WRONG_CLASS", "NameError"]
ffc32621d	sysalloc-none	completed	none	["unpack of a fixed size directive past the end", "NOT_EQUAL
0038c8514	sysalloc-bounds	exit1	none	none
00a12dbbd	sysalloc-bounds	completed	none	["String#valid_encoding? after a run of ASCII", "EXCEPTION",
00aa97fcf	sysalloc-bounds	exit1	none	none
01df203a7	sysalloc-bounds	completed	none	["constant lookup: def self.name looks up from the class bod
02d5569af	sysalloc-bounds	completed	none	["Addrinfo.getaddrinfo rejects a big integer hint", "NO_RAIS
033109642	sysalloc-bounds	completed	none	["defined? answers with a frozen string", "EXCEPTION", "NoMe
037f816c2	sysalloc-bounds	exit1	none	none
038d73c0b	sysalloc-bounds	completed	none	["IO#close_write on a stream with no write end", "EXCEPTION"
03f242d09	sysalloc-bounds	fault	c24	none
03fd5d226	sysalloc-bounds	exit1	none	none
042b3a4ee	sysalloc-bounds	completed	none	["Regexp - a pattern nested past the parse depth limit raise
0460b653b	sysalloc-bounds	completed	none	["PASS"]
046c3ce22	sysalloc-bounds	completed	none	["Regexp - absent repeater (?~...)", "EXCEPTION", "NoMethodE
047225c63	sysalloc-bounds	completed	none	["Regexp - conditional (?(cond)yes|no)", "EXCEPTION", "NoMet
048e5da5f	sysalloc-bounds	exit1	none	none
04c1eb769	sysalloc-bounds	completed	none	["a private index accessor is callable in an op-assign on a 
04e88a64a	sysalloc-bounds	completed	none	["Regexp - the backtracking engine raises at a limit rather 
050504efd	sysalloc-bounds	completed	none	["PASS"]
0521da287	sysalloc-bounds	completed	none	["Regexp - numeric \\k backreference out of int range", "WRO
0543f3a4a	sysalloc-bounds	completed	none	["sprintf(\"%c\") with an integer that has no UTF-8 encoding
05a75d298	sysalloc-bounds	completed	none	["PASS"]
061d19fa8	sysalloc-bounds	exit1	none	none
0654bd470	sysalloc-bounds	watchdog	none	none
0665bb368	sysalloc-bounds	completed	none	["Regexp - /i literals share one class per letter", "EXCEPTI
069ff6ca4	sysalloc-bounds	completed	none	["PASS"]
06ed794af	sysalloc-bounds	completed	none	["Regexp - a set cannot be an end of a range in a class", "W
086637afd	sysalloc-bounds	completed	none	["a private setter is callable on a written self", "EXCEPTIO
086b9c4bf	sysalloc-bounds	exit1	none	none
08a0432d1	sysalloc-bounds	completed	none	["Hash scans with the matched entry vacated by an eql? callb
094eca759	sysalloc-bounds	completed	none	["Kernel#inspect leaves out an ivar Ruby cannot name", "EXCE
0a5d3565b	sysalloc-bounds	completed	none	["IO#close_write", "EXCEPTION", "Errno::EBADF", "Bad file de
0a70368c9	sysalloc-bounds	completed	none	["unpack1 reads no further than its first value", "EXCEPTION
0b15c0ac7	sysalloc-bounds	completed	none	["Rational#** is exact for a whole exponent", "EXCEPTION", "
0b5b460bd	sysalloc-bounds	exit1	none	none
0bb97e62d	sysalloc-bounds	exit1	none	none
0ca3192c9	sysalloc-bounds	completed	none	["Regexp#== and Regexp#eql?", "EXCEPTION", "NameError", "uni
0cf969a2b	sysalloc-bounds	completed	none	["PASS"]
0df28ba5b	sysalloc-bounds	exit1	none	none
0e6bac0e5	sysalloc-bounds	exit1	none	none
0e96b2c2d	sysalloc-bounds	completed	none	["Regexp - quantifier on an escaped multibyte literal", "EXC
0ea8cdc3a	sysalloc-bounds	completed	none	["PASS"]
0edcf9706	sysalloc-bounds	completed	none	["PASS"]
101f8c69a	sysalloc-bounds	completed	none	["Regexp - positive lookbehind (?<=...)", "EXCEPTION", "Name
103e1a8bc	sysalloc-bounds	completed	none	["Regexp - lookbehind measures bytes that spell no character
10c3904e3	sysalloc-bounds	completed	none	["Regexp - \\k on a name given to several groups", "EXCEPTIO
10f91a06c	sysalloc-bounds	exit1	none	none
115de82c3	sysalloc-bounds	completed	none	["GC.scheduler_driven toggles and forces generational mode o
1260c77f0	sysalloc-bounds	completed	none	["PASS"]
13d9d770f	sysalloc-bounds	exit1	none	none
13e017c2f	sysalloc-bounds	fault	c24	none
13f63a747	sysalloc-bounds	exit1	none	none
143892a37	sysalloc-bounds	completed	none	["constant lookup: ancestors before the top level", "EXCEPTI
160079367	sysalloc-bounds	exit1	none	none
16151a0da	sysalloc-bounds	completed	none	["#6345: dup of a block from method is treated as orphan", "
1619353e7	sysalloc-bounds	completed	none	["Module#module_function with no arguments (toggle mode)", "
168273a88	sysalloc-bounds	completed	none	["PASS"]
16eeb4e03	sysalloc-bounds	completed	none	["Regexp - a removed comment does not reach into an escape",
1737589f0	sysalloc-bounds	watchdog	none	none
173fdd7d8	sysalloc-bounds	exit1	none	none
177b45b67	sysalloc-bounds	exit1	none	none
17d124b00	sysalloc-bounds	completed	none	["PASS"]
18c44e8ab	sysalloc-bounds	completed	none	["a multiple assignment target assigning through a send keep
1911ec3a5	sysalloc-bounds	completed	none	["PASS"]
19aa42dbe	sysalloc-bounds	exit1	none	none
19d81d25d	sysalloc-bounds	exit1	none	none
19de6ff29	sysalloc-bounds	exit1	none	none
1a26736a0	sysalloc-bounds	exit1	none	none
1a5e26b46	sysalloc-bounds	completed	none	["String#scan with a block that changes the receiver", "EXCE
1a79ce6c1	sysalloc-bounds	completed	none	["PASS"]
1ad2a19c8	sysalloc-bounds	exit1	none	none
1b4c2a58a	sysalloc-bounds	completed	none	["Bigint ~", "NOT_EQUAL", "-18446744073709551617", "-1844674
1b8b322d3	sysalloc-bounds	completed	none	["String#scan return shape", "EXCEPTION", "NameError", "unin
1bb88eabf	sysalloc-bounds	completed	none	[nil, "WRONG_RAISE", "NoMethodError"]
1bffcc3dd	sysalloc-bounds	exit1	none	none
1c0a5d290	sysalloc-bounds	completed	none	["Regexp - a capture inside a lookaround is undone with the 
1c57532b2	sysalloc-bounds	completed	none	["PASS"]
1c6ee990c	sysalloc-bounds	exit1	none	none
1cda974ed	sysalloc-bounds	completed	none	["String#+ redefined on String itself reaches the redefiniti
1cfa153ff	sysalloc-bounds	completed	none	["Regexp.new", "EXCEPTION", "NameError", "uninitialized cons
1d2bd7bfe	sysalloc-bounds	completed	none	["PASS"]
1d931d825	sysalloc-bounds	completed	none	["Struct initialize takes a positional hash as a plain value
1dd7cc0b5	sysalloc-bounds	exit1	none	none
1ea7c0c33	sysalloc-bounds	completed	none	["Process.waitpid reports the error by itself", "WRONG_RAISE
1ee6d4619	sysalloc-bounds	completed	none	["Bigint Integer#remainder takes the sign of the receiver", 
1f1ef785d	sysalloc-bounds	exit1	none	none
1f48100ac	sysalloc-bounds	completed	none	["Bigint ==", "NOT_TRUE", "false"]
1fa7d26c4	sysalloc-bounds	completed	none	["Regexp - lookbehind rejects a class that can match a multi
1fd633644	sysalloc-bounds	completed	none	["Regexp - a call runs the group's sub-pattern again", "EXCE
1ff35503d	sysalloc-bounds	exit1	none	none
206b9f747	sysalloc-bounds	completed	none	["Bigint Integer#pow(e, m) - Montgomery path", "NOT_EQUAL", 
2085fc07e	sysalloc-bounds	completed	none	["PASS"]
20eec14f0	sysalloc-bounds	completed	none	["Process.wait", "EXCEPTION", "NameError", "uninitialized co
20fc363a8	sysalloc-bounds	completed	none	["the prefix and suffix cuts ask again about the bytes they 
225439b0b	sysalloc-bounds	completed	none	["PASS"]
226c8b5d9	sysalloc-bounds	exit1	none	none
228758382	sysalloc-bounds	completed	none	["Regexp.__check_byte_pos passes a position the subject does
228bff1ae	sysalloc-bounds	exit1	none	none
22e80f851	sysalloc-bounds	completed	none	["Struct subclass inherits :keyword_init", "EXCEPTION", "NoM
2387ced58	sysalloc-bounds	completed	none	["PASS"]
23b2d24cf	sysalloc-bounds	completed	none	["Regexp - backreference \\1", "EXCEPTION", "NameError", "un
23fb460de	sysalloc-bounds	completed	none	["PASS"]
24fb9124a	sysalloc-bounds	exit1	none	none
2507c6da5	sysalloc-bounds	completed	none	["PASS"]
258ef78dc	sysalloc-bounds	exit1	none	none
260d038cb	sysalloc-bounds	completed	none	["PASS"]
261866e09	sysalloc-bounds	exit1	none	none
264d3837e	sysalloc-bounds	completed	none	["PASS"]
2659ec2c4	sysalloc-bounds	exit1	none	none
267527dd2	sysalloc-bounds	completed	none	["Regexp - a match that begins on a character outside ASCII"
269dc573c	sysalloc-bounds	completed	none	["RSTRING_CSTR with a non-terminated static string", "EXCEPT
26dc5f76e	sysalloc-bounds	completed	none	["MatchData#string", "EXCEPTION", "NameError", "uninitialize
272acb412	sysalloc-bounds	completed	none	["Socket#recv and #recvfrom reject a negative length", "EXCE
276cd1d6d	sysalloc-bounds	completed	none	["String#match? and String#=~ search a real pattern without 
279aaa6f1	sysalloc-bounds	exit1	none	none
280f93b18	sysalloc-bounds	exit1	none	none
28a04e082	sysalloc-bounds	completed	none	["Regexp - reversed character class range", "WRONG_CLASS", "
296607189	sysalloc-bounds	completed	none	[nil, "NOT_EQUAL", "45", "2"]
29d33be97	sysalloc-bounds	completed	none	["String#sub / #gsub search a String pattern without compili
2a8a7c0ed	sysalloc-bounds	completed	none	["Struct.new with no arguments", "EXCEPTION", "ArgumentError
2b074fd48	sysalloc-bounds	completed	none	["String#reverse! leaves what the bytes read as standing", "
2b5a0ed3b	sysalloc-bounds	completed	none	["eval of a multiple assignment with more post-splat targets
2b72a7506	sysalloc-bounds	exit1	none	none
2b7a57950	sysalloc-bounds	completed	none	["PASS"]
2bcfa12b1	sysalloc-bounds	exit1	none	none
2be385b68	sysalloc-bounds	exit1	none	none
2c2a4c59a	sysalloc-bounds	completed	none	["$! names the exception a rescue clause is running", "EXCEP
2c922f724	sysalloc-bounds	completed	none	["a `def` in an eval string takes the visibility around the 
2d57abdad	sysalloc-bounds	completed	none	["mrb_sys_fail without SystemCallError", "EXCEPTION", "NameE
2dd14996d	sysalloc-bounds	completed	none	["Module#attr_* - the visibility they take from the scope", 
2e40b9149	sysalloc-bounds	completed	none	["PASS"]
2e7e38a80	sysalloc-bounds	completed	none	["Regexp - the escapes this engine does not carry are refuse
2e8b46147	sysalloc-bounds	completed	none	["a Float is the object that holds what it holds", "NOT_FALS
2ea26d60f	sysalloc-bounds	completed	none	["Regexp - a repetition of a lookaround or a backreference s
2efaf0d4d	sysalloc-bounds	completed	none	["a binding gives a string the scope its constants belong to
2f1c339e5	sysalloc-bounds	completed	none	[nil, "NOT_EQUAL", "\"b-a\"", "\"a-aa\""]
2f7d57d6c	sysalloc-bounds	exit1	none	none
300cc9532	sysalloc-bounds	completed	none	["a string class_eval leaves the caller's scope on its own c
305d1f114	sysalloc-bounds	exit1	none	none
3067378d0	sysalloc-bounds	completed	none	["String#bit_get", "EXCEPTION", "NoMethodError", "undefined 
306d265cd	sysalloc-bounds	completed	none	["Task#close removes task and is idempotent", "EXCEPTION", "
30c6f801c	sysalloc-bounds	completed	none	["Kernel#Rational with a Rational and a Bigint operand stays
31b2db736	sysalloc-bounds	completed	none	["PASS"]
31ec4b9b6	sysalloc-bounds	completed	none	["a binding answers for the method it was taken from", "NOT_
325cfaf4a	sysalloc-bounds	exit1	none	none
3272955bf	sysalloc-bounds	completed	none	["ENV class", "EXCEPTION", "NameError", "uninitialized const
33163ec59	sysalloc-bounds	exit1	none	none
3375f1706	sysalloc-bounds	exit1	none	none
33f7b84b7	sysalloc-bounds	completed	none	["Process::Status#== reads a subclass as the status it is", 
33f8f4c5d	sysalloc-bounds	completed	none	["PASS"]
34e208b69	sysalloc-bounds	completed	none	["PASS"]
35842e3c1	sysalloc-bounds	completed	none	["Rational#== between bigint-backed rationals", "EXCEPTION",
35b0428c9	sysalloc-bounds	completed	none	["Module#remove_method on a module prepended to Integer rest
3600469b0	sysalloc-bounds	completed	none	["Regexp - negated shorthands \\D \\W \\S", "EXCEPTION", "Na
360964f51	sysalloc-bounds	completed	none	["Struct.keyword_init?", "EXCEPTION", "NoMethodError", "unde
360c616ae	sysalloc-bounds	completed	none	["Regexp - a capture costs the backtracking engine no C stac
36425efad	sysalloc-bounds	exit1	none	none
36a0f83db	sysalloc-bounds	exit1	none	none
370ad05ec	sysalloc-bounds	exit1	none	none
377279df9	sysalloc-bounds	exit1	none	none
378af4a41	sysalloc-bounds	exit1	none	none
379964be0	sysalloc-bounds	exit1	none	none
37e5de17e	sysalloc-bounds	completed	none	["Data#with", "EXCEPTION", "NoMethodError", "undefined metho
3808ebd67	sysalloc-bounds	completed	none	["PASS"]
38418fb84	sysalloc-bounds	exit1	none	none
386fb6f29	sysalloc-bounds	completed	none	["MRUBY_PLATFORM", "EXCEPTION", "NameError", "uninitialized 
39aecc143	sysalloc-bounds	fault	c24	none
39d0b512a	sysalloc-bounds	completed	none	["Array#sort with a block that answers with something other 
3aa8f39b1	sysalloc-bounds	exit1	none	none
3af63799f	sysalloc-bounds	completed	none	["Regexp - what a start position records is not read by the 
3b06792c3	sysalloc-bounds	completed	none	["String#gsub with block leaves the last match behind", "EXC
3b16879fe	sysalloc-bounds	completed	none	[1, "EXCEPTION", "LocalJumpError", "unexpected yield"]
3b81a74ac	sysalloc-bounds	completed	none	["eval a string literal at the width of the pool length", "E
3bf1b028a	sysalloc-bounds	exit1	none	none
3bfb27b99	sysalloc-bounds	completed	none	["Regexp literal /regex/", "EXCEPTION", "NameError", "uninit
3c1673279	sysalloc-bounds	completed	none	["Regexp - a lookbehind body forking as often as it is long 
3c43d025f	sysalloc-bounds	completed	none	["PASS"]
3c45f0449	sysalloc-bounds	completed	none	["PASS"]
3c68e4917	sysalloc-bounds	completed	none	["Regexp - positive lookahead (?=...)", "EXCEPTION", "NameEr
3cfe78c6b	sysalloc-bounds	exit1	none	none
3d0ec2771	sysalloc-bounds	completed	none	["a `def` in a method written in a block given to class_exec
3d25584ba	sysalloc-bounds	exit1	none	none
3da9b237c	sysalloc-bounds	completed	none	["Regexp - a backreference reads no group the running iterat
3df2926a1	sysalloc-bounds	exit1	none	none
3e953fd88	sysalloc-bounds	completed	none	["PASS"]
3ee6b2967	sysalloc-bounds	completed	none	["Module#public_method_defined?, #private_method_defined?, #
3fc974e95	sysalloc-bounds	completed	none	["REnv, closed env without the special-variable slot", "EXCE
40264c9aa	sysalloc-bounds	exit1	none	none
403b75fbe	sysalloc-bounds	completed	none	["PASS"]
40fab4b3b	sysalloc-bounds	completed	none	["Regexp - a relocated lookaround keeps the end of its sub-p
40feb36fa	sysalloc-bounds	completed	none	["Regexp - a pattern whose forks nest deeply matches", "EXCE
4104cb23c	sysalloc-bounds	completed	none	["Task::Queue pop returns nil after timeout", "EXCEPTION", "
41313118d	sysalloc-bounds	completed	none	["Complex parts keep their class", "NOT_EQUAL", "Integer", "
416acc0b3	sysalloc-bounds	exit1	none	none
41a0af60a	sysalloc-bounds	completed	none	["constant and class variable lookup: a method written in a 
421cadd18	sysalloc-bounds	exit1	none	none
425af3a3c	sysalloc-bounds	exit1	none	none
4298b5f88	sysalloc-bounds	completed	none	["PASS"]
4305b11a6	sysalloc-bounds	completed	none	["Regexp - invalid UTF-8 byte near pattern end", "EXCEPTION"
431a0ffaf	sysalloc-bounds	exit1	none	none
435e4c8fa	sysalloc-bounds	completed	none	["Regexp - a control escape names the same character however
43b4ef75f	sysalloc-bounds	exit1	none	none
43c0b50cb	sysalloc-bounds	completed	none	["Socket.ip_address_list", "EXCEPTION", "NoMethodError", "un
44906bb08	sysalloc-bounds	completed	none	["String#length of a binary string counts bytes", "EXCEPTION
44c7c7fe4	sysalloc-bounds	completed	none	["Refinement", "EXCEPTION", "NameError", "uninitialized cons
4507b4a63	sysalloc-bounds	completed	none	["Bigint Integer#remainder large operand", "NOT_EQUAL", "552
45347dc59	sysalloc-bounds	exit1	none	none
456a708bd	sysalloc-bounds	exit1	none	none
458078f10	sysalloc-bounds	completed	none	["Task::Queue.new creates a queue", "EXCEPTION", "NameError"
45993b454	sysalloc-bounds	completed	none	["String#sub / #gsub / #scan / #split with a non-Regexp patt
45c588a83	sysalloc-bounds	completed	none	["Regexp - a repetition stops on an empty iteration", "EXCEP
45e462882	sysalloc-bounds	exit1	none	none
4637d86c2	sysalloc-bounds	completed	none	["PASS"]
465e634d4	sysalloc-bounds	completed	none	["Regexp#hash/== on uninitialized regexp", "EXCEPTION", "Nam
4663fef45	sysalloc-bounds	fault	c5	none
46a3d740b	sysalloc-bounds	completed	none	["String#[]= answers the same through the opcode and through
46f9af966	sysalloc-bounds	completed	none	["MatchData#[] - negative index", "EXCEPTION", "NameError", 
470396b22	sysalloc-bounds	exit1	none	none
47050f0c7	sysalloc-bounds	completed	none	["String#inspect of a binary string escapes every byte", "EX
473c64b7d	sysalloc-bounds	exit1	none	none
4778dcd54	sysalloc-bounds	exit1	none	none
478ada3bf	sysalloc-bounds	completed	none	["PASS"]
4855e963b	sysalloc-bounds	completed	none	["unpack(\"U\") of a sequence cut short", "WRONG_MESSAGE", "
499577695	sysalloc-bounds	exit1	none	none
49c174a7c	sysalloc-bounds	completed	none	["Kernel#respond_to? answers false where respond_to_missing?
49c557c13	sysalloc-bounds	completed	none	["PASS"]
4a386f80e	sysalloc-bounds	fault	c7	none
4abed83f4	sysalloc-bounds	completed	none	["Regexp - alternation is leftmost-first", "EXCEPTION", "Nam
4b0ad2e2c	sysalloc-bounds	completed	none	["Integer - a Float too big for an mrb_int keeps every digit
4b866a84d	sysalloc-bounds	completed	none	["GC.step_limit=", "EXCEPTION", "NoMethodError", "undefined 
4b95cb13e	sysalloc-bounds	completed	none	["Float comparison with an Integer it cannot hold", "NOT_FAL
4bb0ab4fb	sysalloc-bounds	completed	none	["eval a symbol name at the width of the symbol length", "EX
4be0fabf5	sysalloc-bounds	exit1	none	none
4be3c2b22	sysalloc-bounds	exit1	none	none
4befdafda	sysalloc-bounds	completed	none	["Regexp - a broken subject is refused before the pattern is
4c0b99afc	sysalloc-bounds	completed	none	["String#+@ and String#-@ keep the class of the receiver", "
4c311bb32	sysalloc-bounds	completed	none	["Regexp - what bounds the classes a pattern nests is a tabl
4c35b03aa	sysalloc-bounds	completed	none	["MatchData#[] - undefined group name", "EXCEPTION", "NameEr
4d8127508	sysalloc-bounds	completed	none	["$1-$9 global variables", "EXCEPTION", "NameError", "uninit
4dd320295	sysalloc-bounds	exit1	none	none
4e4465474	sysalloc-bounds	completed	none	["Module#instance_methods lists a method that is unimplement
5035a4bef	sysalloc-bounds	completed	none	["Regexp.last_match - an explicit nil is not an omitted argu
504596459	sysalloc-bounds	completed	none	["Struct#== and #eql? with recursive members", "NOT_TRUE", "
50c58f649	sysalloc-bounds	completed	none	["PASS"]
510f67d6f	sysalloc-bounds	exit1	none	none
5268a5918	sysalloc-bounds	completed	none	["PASS"]
534efe0f3	sysalloc-bounds	completed	none	["protected method with an explicit receiver", "EXCEPTION", 
54826bc75	sysalloc-bounds	completed	none	["Struct#deconstruct", "EXCEPTION", "NoMethodError", "undefi
5484823a1	sysalloc-bounds	completed	none	["a safe navigation call on a written self is made", "NOT_EQ
54a4a823b	sysalloc-bounds	completed	none	["Regexp - a name the pattern ends inside says which it was"
54c8427df	sysalloc-bounds	completed	none	["Regexp - \\b inside character class is backspace", "EXCEPT
54da3f2f7	sysalloc-bounds	completed	none	["PASS"]
556f0915f	sysalloc-bounds	completed	none	["Regexp - a match does not end inside a character", "EXCEPT
55ae46dcf	sysalloc-bounds	completed	none	["BasicObject#== defined by a class is asked about the recei
55b6deab4	sysalloc-bounds	completed	none	["Regexp - POSIX brackets hold ASCII and nothing above it", 
55cb039f5	sysalloc-bounds	completed	none	["Regexp - an empty group takes a quantifier", "EXCEPTION", 
55dcb6449	sysalloc-bounds	completed	none	["defined? on constant paths (A::B)", "EXCEPTION", "NoMethod
55f0228bf	sysalloc-bounds	completed	none	[nil, "NOT_EQUAL", "-2", "-1"]
56183f2a3	sysalloc-bounds	watchdog	none	["Process.pid", "EXCEPTION", "NameError", "uninitialized con
5634ac6f5	sysalloc-bounds	completed	none	[nil, "WRONG_RAISE", "NameError"]
5701a34f9	sysalloc-bounds	completed	none	["OP_GETIDX0 does not retain a String result in the GC arena
581092a75	sysalloc-bounds	completed	none	["Regexp - named backreference \\k", "EXCEPTION", "NameError
582b0887e	sysalloc-bounds	exit1	none	none
584a4bb56	sysalloc-bounds	exit1	none	none
58aacae5a	sysalloc-bounds	completed	none	["String overrides search a pattern whose `match` was rewrit
5909efc22	sysalloc-bounds	completed	none	["Process::Status is frozen once built", "EXCEPTION", "NameE
59552ecb8	sysalloc-bounds	completed	none	["PASS"]
5a3530196	sysalloc-bounds	exit1	none	none
5a9f2bd2a	sysalloc-bounds	completed	none	["String#valid_encoding? survives what the string goes throu
5acace0a5	sysalloc-bounds	exit1	none	none
5b3fa52a2	sysalloc-bounds	completed	none	["Struct.new dispatches an overridden initialize", "EXCEPTIO
5c5431a69	sysalloc-bounds	completed	none	["`super` and `yield` in a string given to eval belong to th
5dd425dc7	sysalloc-bounds	exit1	none	none
5dff2be5a	sysalloc-bounds	exit1	none	none
5e0340497	sysalloc-bounds	completed	none	["Bigint int64 conversion covers the whole signed 64-bit ran
5e77136c3	sysalloc-bounds	completed	none	["Module#attr_* answer the names they define", "NOT_EQUAL", 
5e8a65457	sysalloc-bounds	completed	none	["PASS"]
5ef1e59ed	sysalloc-bounds	completed	none	["exception raised from C after blocking past the timeslice 
5f6ffc455	sysalloc-bounds	completed	none	["REnv, the shutdown detach keeps the top-level container", 
5fcd3f012	sysalloc-bounds	exit1	none	none
5fe6813ae	sysalloc-bounds	completed	none	["PASS"]
5ffcc0034	sysalloc-bounds	completed	none	["Regexp - a word boundary sits beside any script", "EXCEPTI
606d9a6b2	sysalloc-bounds	completed	none	["Hash scans that carry a pair into a set the hash no longer
6071cf113	sysalloc-bounds	completed	none	["Data#deconstruct", "EXCEPTION", "NoMethodError", "undefine
60abaa7d1	sysalloc-bounds	completed	none	["PASS"]
616af8ba4	sysalloc-bounds	completed	none	["Process::Status keeps its pid and raw status out of instan
617952367	sysalloc-bounds	completed	none	["PASS"]
618137d17	sysalloc-bounds	completed	none	["String#sub! / #gsub! rewrite the receiver's character read
618ba9435	sysalloc-bounds	completed	none	["Regexp - Unicode case folding under /i", "EXCEPTION", "Nam
619797cea	sysalloc-bounds	completed	none	["sprintf rejects an oversized float precision/width", "WRON
61b1a4447	sysalloc-bounds	completed	none	["String#% with the 0 flag and a sign", "NOT_EQUAL", "\"-001
61c001fa7	sysalloc-bounds	completed	none	[nil, "WRONG_RAISE", "NoMethodError"]
623397e7c	sysalloc-bounds	completed	none	[nil, "NOT_TRUE", "false"]
6248b5809	sysalloc-bounds	exit1	none	none
628ccec60	sysalloc-bounds	completed	none	["Task.current.name still answers \"main\" after GC", "NOT_E
632400658	sysalloc-bounds	completed	none	["Regexp - /i keeps the word class inside ASCII", "EXCEPTION
638b0231e	sysalloc-bounds	completed	none	["PASS"]
643b60bb2	sysalloc-bounds	completed	none	["Regexp - a character class intersection is refused, not re
6463a3771	sysalloc-bounds	completed	none	["Regexp - a curly brace that is not a quantifier is a liter
653bb9762	sysalloc-bounds	completed	none	["Array#count - the walk made in C", "NOT_EQUAL", "2", "4"]
656e20bb4	sysalloc-bounds	completed	none	["super forwards the caller's block from inside a block", "N
65bc860bf	sysalloc-bounds	completed	none	["OP_GETIDX does not retain its result in the GC arena", "EX
6722d3550	sysalloc-bounds	completed	none	["Array#max, #min - the walk made in C", "WRONG_RAISE", "NoM
672f2702f	sysalloc-bounds	exit1	none	none
675090807	sysalloc-bounds	completed	none	["$&, $`, $' and $+ global variables", "EXCEPTION", "NameErr
6773aec8b	sysalloc-bounds	completed	none	["Complex#eql?", "NOT_FALSE", "true"]
680084ac1	sysalloc-bounds	completed	none	["pattern matching - a capture in a block binds the local of
694c552bc	sysalloc-bounds	completed	none	["Regexp - pattern too large for its jump targets is refused
6a7bd9591	sysalloc-bounds	completed	none	["Kernel#Integer with a number too big for mrb_int", "EXCEPT
6aacdfdf0	sysalloc-bounds	completed	none	["StructClass.[] dispatches an overridden initialize", "EXCE
6c0e11240	sysalloc-bounds	exit1	none	none
6d26fcd0f	sysalloc-bounds	completed	none	["IO#seek from the current position", "EXCEPTION", "TypeErro
6d76a3eb2	sysalloc-bounds	exit1	none	none
6d99e8dec	sysalloc-bounds	exit1	none	none
6db1ffb88	sysalloc-bounds	completed	none	["PASS"]
6deafd810	sysalloc-bounds	completed	none	["Regexp - empty pattern", "EXCEPTION", "NameError", "uninit
6ebf8b2b4	sysalloc-bounds	completed	none	[nil, "WRONG_CLASS", "NameError"]
6f6952f05	sysalloc-bounds	completed	none	["Rational#== when the cross product overflows mrb_int but n
6fb855015	sysalloc-bounds	completed	none	["Module#prepend leaves a frozen class frozen", "NO_RAISE"]
6fd6cdde0	sysalloc-bounds	exit1	none	none
7020eb5fd	sysalloc-bounds	completed	none	["PASS"]
70acd57e5	sysalloc-bounds	completed	none	["Regexp - {0} erases a call's code but not its reference ch
70cf11fc4	sysalloc-bounds	exit1	none	none
715689514	sysalloc-bounds	completed	none	["PASS"]
715993e11	sysalloc-bounds	completed	none	["mrb_ary_unshift respects a frozen receiver", "WRONG_RAISE"
7180349ba	sysalloc-bounds	completed	none	["PASS"]
71d18572e	sysalloc-bounds	completed	none	["PASS"]
71f9c1eb9	sysalloc-bounds	completed	none	["IO#close_write closes the stream for writing", "EXCEPTION"
727ae28ad	sysalloc-bounds	watchdog	none	none
728356021	sysalloc-bounds	completed	none	["Regexp - named captures", "EXCEPTION", "NameError", "unini
735b94535	sysalloc-bounds	completed	none	["Integer bitwise ops reject non-Integer operands", "NO_RAIS
73b19041d	sysalloc-bounds	completed	none	["PASS"]
7473a7103	sysalloc-bounds	completed	none	["BasicObject reopened at the top level is the class Object 
748591801	sysalloc-bounds	completed	none	["Regexp - an upper bound below the lower one is an error", 
755f1471e	sysalloc-bounds	completed	none	["unpack(\"U\") over every lead byte", "NOT_EQUAL", ":redund
75ac98a09	sysalloc-bounds	exit1	none	none
75b038b69	sysalloc-bounds	completed	none	["Array set operations compare with eql? on both sides of th
763503a13	sysalloc-bounds	completed	none	["an exception in a synchronously executed proc comes back a
765637b91	sysalloc-bounds	completed	none	["an unimplemented method reports itself by name", "WRONG_CL
77d1d928f	sysalloc-bounds	fault	c24	none
7806a13e0	sysalloc-bounds	exit1	none	none
7862266f5	sysalloc-bounds	completed	none	[nil, "NO_RAISE"]
78c39a4bb	sysalloc-bounds	exit1	none	none
78d761add	sysalloc-bounds	completed	none	["Regexp extended mode (x flag)", "EXCEPTION", "NameError", 
79d34165c	sysalloc-bounds	completed	none	["Regexp - group name longer than a uint16 length", "EXCEPTI
7bb8f3836	sysalloc-bounds	completed	none	["Module.nesting from a method with a receiver", "NOT_EQUAL"
7bbfb3188	sysalloc-bounds	completed	none	["Comparable#clamp with a NaN for a bound", "NO_RAISE"]
7c0c643eb	sysalloc-bounds	completed	none	["Array#minmax - the walk made in C", "WRONG_RAISE", "NoMeth
7c5915799	sysalloc-bounds	completed	none	["Struct#== and #eql? with a member that replaces the storag
7c6059908	sysalloc-bounds	exit1	none	none
7c89b951b	sysalloc-bounds	completed	none	["defined? names it a local variable", "EXCEPTION", "NoMetho
7c9f63bd1	sysalloc-bounds	exit1	none	none
7ca58a7c7	sysalloc-bounds	completed	none	["scheduler hook fires at every scheduler entry", "EXCEPTION
7cbf44f21	sysalloc-bounds	completed	none	["a constant defined in a string given to eval belongs to th
7d626242a	sysalloc-bounds	completed	none	["the constant cache forgets an irep when the irep is freed"
7de519b23	sysalloc-bounds	completed	none	["Signal.signame", "EXCEPTION", "NameError", "uninitialized 
7e0417185	sysalloc-bounds	completed	none	["Regexp - a backslash the pattern ends after says which it 
7fecf84de	sysalloc-bounds	completed	none	["Regexp - overlong UTF-8 is not the character it spells", "
8017fa12d	sysalloc-bounds	completed	none	["defined? on statically-decidable operands", "EXCEPTION", "
80c781b6c	sysalloc-bounds	exit1	none	none
8116d5a09	sysalloc-bounds	completed	none	["String#+ over two all-ASCII operands is not CRuby", "EXCEP
81c41e6bb	sysalloc-bounds	completed	none	["Regexp.__byte_search answers a position before the subject
82288cbdc	sysalloc-bounds	completed	none	["a float pool entry loads where Float is missing, and runs 
823cdb346	sysalloc-bounds	exit1	none	none
83cd48719	sysalloc-bounds	exit1	none	none
840191597	sysalloc-bounds	completed	none	["Regexp - large non-ASCII character class does not overflow
8445f1cc6	sysalloc-bounds	exit1	none	none
847cd89c2	sysalloc-bounds	completed	none	["MatchData#inspect - a match a literal String pattern made"
8488ab310	sysalloc-bounds	exit1	none	none
84cc5aa60	sysalloc-bounds	fault	c5	none
84e349578	sysalloc-bounds	completed	none	["REnv, MRB_ENV_SET_BIDX() evaluates its index exactly once"
8551deba4	sysalloc-bounds	completed	none	["eval string in a method starts at the visibility of the sc
85cd3feab	sysalloc-bounds	completed	none	["the five names stand wherever a read of a global stands", 
87cac946c	sysalloc-bounds	completed	none	["Array shared from an emptied heap array keeps a buffer", "
8903feacf	sysalloc-bounds	exit1	none	none
8909b7998	sysalloc-bounds	completed	none	["Bigint normalizes the smallest Integer", "NOT_EQUAL", "-92
893cb4edc	sysalloc-bounds	completed	none	["Regexp#options", "EXCEPTION", "NameError", "uninitialized 
8a320aa40	sysalloc-bounds	completed	none	["PASS"]
8b0c2ef6f	sysalloc-bounds	completed	none	["Array#== takes an element for equal to itself", "NOT_TRUE"
8b381f80f	sysalloc-bounds	completed	none	["MatchData#named_captures - a name given to several groups"
8bad4d5dd	sysalloc-bounds	completed	none	["PASS"]
8bd5bd0ea	sysalloc-bounds	completed	none	["a piece cut from a subject is its own string", "EXCEPTION"
8c841a058	sysalloc-bounds	exit1	none	none
8ce99aa18	sysalloc-bounds	exit1	none	none
8d50e0cfa	sysalloc-bounds	exit1	none	none
8d92379d7	sysalloc-bounds	exit1	none	none
8da00e9ba	sysalloc-bounds	completed	none	["Binding#eval on a binding taken in a method with a receive
8e767351a	sysalloc-bounds	completed	none	["Range with a NaN for an end", "NO_RAISE"]
8ea996186	sysalloc-bounds	exit1	none	none
9082c519b	sysalloc-bounds	completed	none	["PASS"]
90aae07cf	sysalloc-bounds	completed	none	["String#sub / #gsub turn \\1-\\9 off where the pattern name
90e568e8e	sysalloc-bounds	completed	none	["an operator instruction checks visibility on the send it f
91502b798	sysalloc-bounds	completed	none	["IO#gets - separator across a buffer boundary", "EXCEPTION"
921afaf03	sysalloc-bounds	completed	none	["Enumerable size arguments reject a redefined converter", "
92e5fbbaf	sysalloc-bounds	exit1	none	none
9391f5ea8	sysalloc-bounds	exit1	none	none
93eb74a59	sysalloc-bounds	fault	c5	none
94993eede	sysalloc-bounds	fault	c24	none
94aa382c3	sysalloc-bounds	completed	none	["Module#define_method - the visibility it takes from the sc
94bef8f9b	sysalloc-bounds	completed	none	["`return` in a string given to eval leaves the calling meth
9508c759c	sysalloc-bounds	exit1	none	none
951f5a0b4	sysalloc-bounds	completed	none	["pattern matching - the case value survives a failed clause
953304a1f	sysalloc-bounds	completed	none	["defined? on a call carrying a block", "EXCEPTION", "NoMeth
954e172c7	sysalloc-bounds	completed	none	[nil, "WRONG_RAISE", "NoMethodError"]
95afe8b24	sysalloc-bounds	completed	none	["String#valid_encoding? answers the same however the string
95eaa54ca	sysalloc-bounds	exit1	none	none
964f944c9	sysalloc-bounds	completed	none	["GC.malloc_threshold - byte pressure advances an incrementa
9654829ef	sysalloc-bounds	completed	none	["Regexp - a capture inside a negative lookbehind is refused
9660f398a	sysalloc-bounds	exit1	none	none
9742db691	sysalloc-bounds	completed	none	["MatchData#values_at", "EXCEPTION", "NameError", "uninitial
97d5b6a7f	sysalloc-bounds	completed	none	["OP_MATH does not retain a boxed Float in the GC arena", "E
97db08cb3	sysalloc-bounds	completed	none	["Regexp - atomic group (?>...)", "EXCEPTION", "NameError", 
97ef20933	sysalloc-bounds	completed	none	["defined? on a constant path of any depth", "EXCEPTION", "N
98697c185	sysalloc-bounds	completed	none	["String#sub \\' post-match uses byte length, not strlen (is
988746883	sysalloc-bounds	exit1	none	none
990fe5afe	sysalloc-bounds	completed	none	["Array#uniq, Array#- and Array#include? with a NaN", "NOT_E
9982bc122	sysalloc-bounds	completed	none	["PASS"]
9aaa7ce5f	sysalloc-bounds	completed	none	["method_missing is dispatched regardless of its visibility"
9b44d5d56	sysalloc-bounds	completed	none	["defined? on a method reached through a receiver", "EXCEPTI
9b6a551ec	sysalloc-bounds	completed	none	["a string given to eval runs under the class the calling fr
9b7e1a599	sysalloc-bounds	completed	none	["Regexp - inline options (?i) / (?i:...)", "EXCEPTION", "Na
9b8520f58	sysalloc-bounds	exit1	none	none
9bde072d5	sysalloc-bounds	completed	none	["Regexp - an attempt in flight opens no match position insi
9c4e7ea0f	sysalloc-bounds	completed	none	["Regexp - UTF-8 codepoints in character class", "EXCEPTION"
9cde96053	sysalloc-bounds	exit1	none	none
9d2d4b169	sysalloc-bounds	completed	none	["PASS"]
9da6f2abb	sysalloc-bounds	exit1	none	none
9e273a72d	sysalloc-bounds	completed	none	["Process.waitpid through a replaced Process::Status#initial
9e9333747	sysalloc-bounds	completed	none	["Regexp - named captures survive /x preprocessing", "EXCEPT
9eb5b5e86	sysalloc-bounds	completed	none	["PASS"]
9ee68194b	sysalloc-bounds	completed	none	["Addrinfo.getaddrinfo rejects out-of-range integer hints", 
9ef064f65	sysalloc-bounds	completed	none	["assignment to a captured local is worth its value", "NOT_E
9f1f17233	sysalloc-bounds	completed	none	["mrb_gc_register counts its registrations", "EXCEPTION", "N
9f3a1ccb9	sysalloc-bounds	completed	none	["keyword arguments with fifteen or more positional paramete
9f82c532c	sysalloc-bounds	completed	none	["PASS"]
a00e81b9e	sysalloc-bounds	exit1	none	none
a088da12f	sysalloc-bounds	exit1	none	none
a10097cdf	sysalloc-bounds	completed	none	["Regexp - a backreference under /i folds a byte-indexed sub
a2047c806	sysalloc-bounds	exit1	none	none
a27d14158	sysalloc-bounds	completed	none	["Symbol#== redefined on Symbol itself reaches the redefinit
a2d11dd91	sysalloc-bounds	exit1	none	none
a2f385e8d	sysalloc-bounds	completed	none	["mrb_load_file_cxt reports a stream it cannot read", "EXCEP
a3aa0f69b	sysalloc-bounds	completed	none	["IO#eof? is answered again after the end", "EXCEPTION", "Ty
a496d48d2	sysalloc-bounds	exit1	none	none
a54353ecf	sysalloc-bounds	completed	none	["Hash lookup with the matched entry vacated by an eql? call
a5f6411b1	sysalloc-bounds	watchdog	none	none
a7805f789	sysalloc-bounds	completed	none	["eval with a filename too long for a symbol", "WRONG_MESSAG
a790bb2c1	sysalloc-bounds	completed	none	["Regexp - /i does not read a byte above 127 as a character"
a7c5ab620	sysalloc-bounds	exit1	none	none
a7c879059	sysalloc-bounds	exit1	none	none
a7fc8a908	sysalloc-bounds	completed	none	["Regexp - patterns that used to hang the compiler now raise
a852ae127	sysalloc-bounds	completed	none	["Module.nesting and Module.constants from a method written 
a91b78ae7	sysalloc-bounds	completed	none	["OP_LOADL does not retain a boxed Integer in the GC arena",
a97d9609a	sysalloc-bounds	completed	none	["String#sub / #gsub expand \\k<name> in the replacement", "
a9ba9656b	sysalloc-bounds	exit1	none	none
aa208b621	sysalloc-bounds	completed	none	["Regexp - POSIX bracket classes", "EXCEPTION", "NameError",
aa92e5c02	sysalloc-bounds	completed	none	["PASS"]
ab3a1cc1b	sysalloc-bounds	completed	none	["Regexp - /i has no character to fold in a byte-indexed pat
aba5514d3	sysalloc-bounds	completed	none	["pattern matching - the clauses of a case share one deconst
ad453c376	sysalloc-bounds	completed	none	["MatchData#[] - group name longer than a uint16 length", "E
ad52a24e1	sysalloc-bounds	completed	none	["Process.kill with a signal name too long for any signal", 
ae092ca08	sysalloc-bounds	exit1	none	none
ae0f6d2f5	sysalloc-bounds	exit1	none	none
ae4e63f28	sysalloc-bounds	completed	none	["Regexp - a nest level on a \\k reference is refused", "EXC
aea2bbcbe	sysalloc-bounds	completed	none	["IO#autoclose?, IO#autoclose=", "EXCEPTION", "TypeError", "
af6f23ddb	sysalloc-bounds	fault	c7	none
af911acad	sysalloc-bounds	completed	none	["Bigint -/+ keeps the sign when a small operand grows the m
afa5b5c4d	sysalloc-bounds	completed	none	["PASS"]
b008fff41	sysalloc-bounds	exit1	none	none
b023e3460	sysalloc-bounds	exit1	none	none
b04b6c20a	sysalloc-bounds	completed	none	["Struct#to_h with a block", "NOT_EQUAL", "{\"white\" => \"r
b0ab0753e	sysalloc-bounds	exit1	none	none
b0b1de54e	sysalloc-bounds	completed	none	["a string given to eval is named for the method that called
b182e5b65	sysalloc-bounds	exit1	none	none
b20a456f4	sysalloc-bounds	completed	none	["the strip family leaves what the bytes read as standing", 
b2953dcdb	sysalloc-bounds	completed	none	["$&, $`, $', $+ and $1 onward read $~ as it stands", "EXCEP
b2d2cd15e	sysalloc-bounds	completed	none	["pattern matching - a deconstruction hook has to answer a H
b33f21f83	sysalloc-bounds	completed	none	["String#gsub and #scan finish after repeated zero-width ass
b36fbeee9	sysalloc-bounds	completed	none	["mrb_integer_to_bytes and mrb_integer_from_bytes", "EXCEPTI
b3c313d8c	sysalloc-bounds	completed	none	["PASS"]
b40efd5f3	sysalloc-bounds	exit1	none	none
b4388e29a	sysalloc-bounds	exit1	none	none
b4f645050	sysalloc-bounds	completed	none	["operator override with negative integer literal", "NOT_EQU
b53fafab8	sysalloc-bounds	completed	none	["Regexp - a class holds the union of its ranges however the
b5a019cb7	sysalloc-bounds	completed	none	["Regexp - ^ and $ always match at line boundaries", "EXCEPT
b70a53d39	sysalloc-bounds	completed	none	["Array#intersection with no argument copies the receiver", 
b756e6fa3	sysalloc-bounds	completed	none	["Data with overridden initialize (keyword style)", "EXCEPTI
b7df80fc4	sysalloc-bounds	completed	none	["$! names the exception a rescue modifier is running", "EXC
b8a2158c5	sysalloc-bounds	completed	none	["Regexp - empty group name", "WRONG_RAISE", "NameError"]
b8b8ceb27	sysalloc-bounds	completed	none	["pattern matching - a subject with no deconstruction hook d
b8b9ac920	sysalloc-bounds	completed	none	["String overrides run a pattern whose operation cores were 
b956bcafa	sysalloc-bounds	exit1	none	none
b98444df2	sysalloc-bounds	exit1	none	none
b98d038bd	sysalloc-bounds	completed	none	["IO#write to a duplex stream after a buffered read", "EXCEP
b9b8186f0	sysalloc-bounds	completed	none	["Regexp - consecutive optional quantifiers (#6853)", "EXCEP
ba5011779	sysalloc-bounds	completed	none	["PASS"]
ba629b49c	sysalloc-bounds	exit1	none	none
bbeaf8531	sysalloc-bounds	completed	none	["MatchData#begin / #end - group name", "EXCEPTION", "NameEr
bcacba1e1	sysalloc-bounds	completed	none	["Regexp - quantifier on a multibyte literal", "EXCEPTION", 
bd21fe4aa	sysalloc-bounds	exit1	none	none
bd41ddb4a	sysalloc-bounds	completed	none	["PASS"]
be4e03a20	sysalloc-bounds	completed	none	["Kernel#Float with a hexadecimal number too big for mrb_int
be85f1618	sysalloc-bounds	completed	none	["Array#intersection narrows by every argument, not by their
be8e1468c	sysalloc-bounds	exit1	none	none
beb576c7e	sysalloc-bounds	completed	none	["PASS"]
bef45e223	sysalloc-bounds	fault	c24	none
bfc3eb767	sysalloc-bounds	exit1	none	none
c04b53473	sysalloc-bounds	completed	none	["defined? on a constant path resolves each name as reading 
c04daf59b	sysalloc-bounds	completed	none	["PASS"]
c0501d107	sysalloc-bounds	exit1	none	none
c05a266a5	sysalloc-bounds	completed	none	["raise without arguments re-raises the exception being resc
c064b6edd	sysalloc-bounds	exit1	none	none
c0b1e87c0	sysalloc-bounds	completed	none	[nil, "WRONG_RAISE", "NoMethodError"]
c0c8c7d47	sysalloc-bounds	completed	none	["MatchData captures across alternation branches", "EXCEPTIO
c101b8bfa	sysalloc-bounds	completed	none	["Rational#hash agrees with #==", "NOT_EQUAL", "3340850341",
c10297838	sysalloc-bounds	completed	none	["Regexp - a pattern forking as often as it is long compiles
c1b6b302b	sysalloc-bounds	completed	none	["pack(\"U\") with a value outside the Unicode range", "NO_R
c24487183	sysalloc-bounds	completed	none	["Regexp.last_match reads one group, never a slice", "EXCEPT
c26c812a5	sysalloc-bounds	exit1	none	none
c3b287d60	sysalloc-bounds	completed	none	["IO#puts with an element that replaces the array", "EXCEPTI
c3d44f929	sysalloc-bounds	exit1	none	none
c4627a60f	sysalloc-bounds	completed	none	["PASS"]
c49cd31a9	sysalloc-bounds	exit1	none	none
c50c59b81	sysalloc-bounds	completed	none	["MatchData - subject is snapshotted at match time", "EXCEPT
c5960d0a8	sysalloc-bounds	completed	none	["Data#to_h with a block", "NOT_EQUAL", "{\"white\" => \"ruu
c6866eed4	sysalloc-bounds	completed	none	["PASS"]
c6f5273d3	sysalloc-bounds	exit1	none	none
c75634315	sysalloc-bounds	completed	none	["MRUBY_REVISION", "EXCEPTION", "NameError", "uninitialized 
c793c1217	sysalloc-bounds	exit1	none	none
c7c15f5ad	sysalloc-bounds	completed	none	["Regexp#to_s - a leading option group folds into the printe
c8443d8d0	sysalloc-bounds	completed	none	["string interpolation with refinement", "EXCEPTION", "NoMet
c8486f56a	sysalloc-bounds	completed	none	["PASS"]
c87e2d1db	sysalloc-bounds	completed	none	["NilClass#=~", "EXCEPTION", "NoMethodError", "undefined met
c8c05958d	sysalloc-bounds	completed	none	[nil, "WRONG_RAISE", "NoMethodError"]
c8e5aec5d	sysalloc-bounds	completed	none	["Regexp#dup and Regexp#clone", "EXCEPTION", "NameError", "u
c938f60d6	sysalloc-bounds	completed	none	["Regexp - a literal is found wherever the scan on its ends 
c9e6d78f1	sysalloc-bounds	completed	none	["PASS"]
ca1ea88eb	sysalloc-bounds	completed	none	["PASS"]
caf35c91e	sysalloc-bounds	completed	none	["defined? sees through parentheses around one expression", 
cafc53ae4	sysalloc-bounds	completed	none	["Regexp - a '[' inside a class opens something, and is refu
cb51fce92	sysalloc-bounds	fault	c2	none
cb767edb0	sysalloc-bounds	exit1	none	none
cbe0940ce	sysalloc-bounds	completed	none	["Bigint <=>", "NOT_EQUAL", "1", "0"]
cc20c7d3a	sysalloc-bounds	exit1	none	none
cc8d613be	sysalloc-bounds	completed	none	["Array#sort with a NaN in it", "NO_RAISE"]
cca7b0d13	sysalloc-bounds	exit1	none	none
ccb62ceb5	sysalloc-bounds	completed	none	["String#scrub default replacement (U+FFFD)", "EXCEPTION", "
cd5d88456	sysalloc-bounds	completed	none	["adding or subtracting a literal zero still sends the opera
cdd4a88e6	sysalloc-bounds	exit1	none	none
cddaec726	sysalloc-bounds	completed	none	[nil, "NOT_EQUAL", ":match", ":nomatch"]
cde908924	sysalloc-bounds	exit1	none	none
cee9a5704	sysalloc-bounds	completed	none	["$& and $1 - defined? where they read other than nil", "EXC
d055fcc97	sysalloc-bounds	completed	none	["String#rindex on a binary string counts bytes", "EXCEPTION
d141e1c2b	sysalloc-bounds	exit1	none	none
d1ccfd482	sysalloc-bounds	exit1	none	none
d215e0a5f	sysalloc-bounds	completed	none	[nil, "NOT_EQUAL", "\"a\"", "\"\\x00a\""]
d21d19290	sysalloc-bounds	completed	none	["Regexp - character class range across the ASCII boundary",
d21eceb28	sysalloc-bounds	completed	none	["Regexp - empty-matchable patterns find earliest match posi
d24ff0e81	sysalloc-bounds	completed	none	["IO#ungetc after grow and partial read", "EXCEPTION", "Name
d2e8e1ffe	sysalloc-bounds	completed	none	["Bigint eql?", "NOT_FALSE", "true"]
d3354aac2	sysalloc-bounds	completed	none	["Regexp - the /x pass and the named-group scan skip the sam
d461aba63	sysalloc-bounds	completed	none	["Regexp - \\Z matches before a trailing newline under both 
d4aad5dff	sysalloc-bounds	completed	none	["brace-less variable interpolation", "NOT_EQUAL", "\"aIVb\"
d53edb5f8	sysalloc-bounds	completed	none	["Array#flatten detects recursion", "WRONG_MESSAGE", "\"arra
d5baeef03	sysalloc-bounds	completed	none	["PASS"]
d5bd7a611	sysalloc-bounds	completed	none	["Regexp - more capture groups than the engine holds", "WRON
d66fbf029	sysalloc-bounds	completed	none	[nil, "NO_RAISE"]
d72dd0bf4	sysalloc-bounds	exit1	none	none
d78e6eb63	sysalloc-bounds	exit1	none	none
d7941d3af	sysalloc-bounds	exit1	none	none
d8911416c	sysalloc-bounds	fault	c24	none
d8ed2d3db	sysalloc-bounds	completed	none	["PASS"]
d905ad11c	sysalloc-bounds	completed	none	["a parser state freed first leaves a younger one intact", "
d92978aad	sysalloc-bounds	completed	none	[nil, "NO_RAISE"]
da2a3b90c	sysalloc-bounds	completed	none	["block parameter with trailing comma (implicit rest)", "NOT
da3096e24	sysalloc-bounds	completed	none	["Regexp - a lookbehind body of many forks is measured once 
da41af3c9	sysalloc-bounds	completed	none	["Regexp - quantified first alternative does not leak into t
da7123200	sysalloc-bounds	completed	none	["Regexp - a byte that belongs to no character is a match po
daa10fa42	sysalloc-bounds	completed	none	["Regexp - `&&` puts the brackets either side of it as one q
daa988b13	sysalloc-bounds	exit1	none	none
dab150007	sysalloc-bounds	completed	none	["Regexp#to_s", "EXCEPTION", "NameError", "uninitialized con
db16fbc15	sysalloc-bounds	exit1	none	none
db3cd5f57	sysalloc-bounds	completed	none	[nil, "WRONG_RAISE", "NoMethodError"]
dbfda0ef2	sysalloc-bounds	completed	none	["Regexp - a hex escape needs at least one digit", "WRONG_CL
dc6b2691f	sysalloc-bounds	exit1	none	none
dcddbd4ab	sysalloc-bounds	exit1	none	none
ddae2fe7c	sysalloc-bounds	completed	none	["defined? on operands resolved at run time", "EXCEPTION", "
dddbab5ab	sysalloc-bounds	exit1	none	none
de4638090	sysalloc-bounds	completed	none	["Process::Status.new with a status too large for the platfo
dec5978e9	sysalloc-bounds	completed	none	["PASS"]
dfeeebe05	sysalloc-bounds	completed	none	["defined? on global/class variables and super", "EXCEPTION"
e05772dee	sysalloc-bounds	completed	none	[nil, "WRONG_CLASS", "NameError"]
e0893b8d9	sysalloc-bounds	completed	none	["safe navigation operator-assignment short-circuits on nil"
e133dcda5	sysalloc-bounds	completed	none	["PASS"]
e23e0d59b	sysalloc-bounds	completed	none	["PASS"]
e246b2c05	sysalloc-bounds	completed	none	["Regexp - repetition with a zero lower bound", "EXCEPTION",
e2647a647	sysalloc-bounds	completed	none	["GC heap region smaller than the alignment padding", "EXCEP
e2b4585e4	sysalloc-bounds	completed	none	["GC.step_ratio= / GC.interval_ratio= reject an out-of-int-r
e368de2ff	sysalloc-bounds	exit1	none	none
e3d1e4c65	sysalloc-bounds	completed	none	["Process::CLOCK_REALTIME and the rest", "EXCEPTION", "NameE
e496f5e3f	sysalloc-bounds	exit1	none	none
e54545bdb	sysalloc-bounds	completed	none	["PASS"]
e5d602d89	sysalloc-bounds	completed	none	["Regexp - a digit escape is a backreference or an octal esc
e6a603fcc	sysalloc-bounds	completed	none	["PASS"]
e6fc59d1e	sysalloc-bounds	completed	none	["PASS"]
e781ee868	sysalloc-bounds	completed	none	["Regexp.union", "EXCEPTION", "NameError", "uninitialized co
e7bff507e	sysalloc-bounds	completed	none	["PASS"]
e8758974f	sysalloc-bounds	completed	none	["eval of a local variable whose name is too long for a symb
e8895760b	sysalloc-bounds	exit1	none	none
e8ee4b997	sysalloc-bounds	completed	none	["a binding taken in a `define_method` block sees the block'
e9063c11b	sysalloc-bounds	exit1	none	none
eaa894be4	sysalloc-bounds	completed	none	["Bigint uint64 conversion covers the whole unsigned 64-bit 
eaca460c7	sysalloc-bounds	completed	none	["Array - a frozen receiver of a call that writes nothing", 
eb701fa5b	sysalloc-bounds	completed	none	["GC.malloc_threshold - does not mark through stale realloc 
eb7693857	sysalloc-bounds	fault	c24	none
ebfdf8ae4	sysalloc-bounds	completed	none	["inherited hook runs before block body", "NOT_EQUAL", "[1, 
ec0b80976	sysalloc-bounds	completed	none	["eval a `super` and a `yield` at the width of the forwarded
ec2387379	sysalloc-bounds	completed	none	["eval a `super` and a `yield` at the width of the forwardin
ec89364c4	sysalloc-bounds	fault	c7	none
eccb4b63c	sysalloc-bounds	completed	none	["Kernel#Rational with a Rational operand stays exact", "NOT
ecd891b46	sysalloc-bounds	exit1	none	none
ee00c31d2	sysalloc-bounds	exit1	none	none
ee9cdee05	sysalloc-bounds	completed	none	["String#swapcase - Unicode", "EXCEPTION", "NameError", "uni
eeb2e4930	sysalloc-bounds	completed	none	["PASS"]
eec381dd6	sysalloc-bounds	completed	none	["Regexp - a lookbehind body of no fixed width says which it
eef662616	sysalloc-bounds	completed	none	["Regexp - a group name may not be a number", "WRONG_CLASS",
eefa944d0	sysalloc-bounds	completed	none	["Data with no members", "EXCEPTION", "TypeError", "corrupte
ef283321f	sysalloc-bounds	completed	none	["Regexp - a character property escape is refused, not read 
ef6cc8586	sysalloc-bounds	completed	none	["String overrides search a pattern whose `__byte_match` was
f0db87885	sysalloc-bounds	exit1	none	none
f10cbfe7d	sysalloc-bounds	completed	none	["Regexp - a backreference names a group the pattern has", "
f1232334c	sysalloc-bounds	completed	none	["Task#value returns exception object for unhandled task err
f20eeefaa	sysalloc-bounds	completed	none	["a `def` in a block given to class_exec or module_exec adds
f271c7a37	sysalloc-bounds	completed	none	["MatchData cannot be constructed", "WRONG_RAISE", "NameErro
f2e3c65a4	sysalloc-bounds	completed	none	[nil, "NOT_EQUAL", "1", "-1"]
f2fac3e64	sysalloc-bounds	exit1	none	none
f32e14833	sysalloc-bounds	exit1	none	none
f33a26408	sysalloc-bounds	completed	none	["eval names the line a generator error is on", "WRONG_MESSA
f3cedd69b	sysalloc-bounds	completed	none	["Kernel.<conversion> module functions", "EXCEPTION", "NoMet
f46840afc	sysalloc-bounds	completed	none	["Binding#local_variable_set moves the special-variable slot
f46ccc372	sysalloc-bounds	completed	none	["Regexp - multibyte (UTF-8) match extraction", "EXCEPTION",
f4a8cdd91	sysalloc-bounds	completed	none	["Regexp#match - Symbol argument", "EXCEPTION", "NameError",
f4ba19d7e	sysalloc-bounds	completed	none	["PASS"]
f4cec14a4	sysalloc-bounds	exit1	none	none
f525917fb	sysalloc-bounds	completed	none	[nil, "WRONG_CLASS", "NoMethodError"]
f5a87a345	sysalloc-bounds	completed	none	["Rational#<=> is exact", "EXCEPTION", "NoMethodError", "und
f5ca90685	sysalloc-bounds	completed	none	["bare `nil?` in if/unless uses self as receiver (#6874)", "
f5cb8e139	sysalloc-bounds	completed	none	["Regexp - repeated group keeps each iteration self-containe
f70016a1f	sysalloc-bounds	exit1	none	none
f71bd2297	sysalloc-bounds	completed	none	["String#encoding survives a copy", "EXCEPTION", "NameError"
f7834c3c6	sysalloc-bounds	completed	none	["PASS"]
f98156534	sysalloc-bounds	completed	none	["String#chop! on a binary string removes one byte", "EXCEPT
f9adb3017	sysalloc-bounds	exit1	none	none
fa3bb5c3b	sysalloc-bounds	exit1	none	none
fa3dead08	sysalloc-bounds	completed	none	["Float comparison redefined on Float itself reaches the red
fa802172e	sysalloc-bounds	completed	none	["PASS"]
fad01b0ef	sysalloc-bounds	completed	none	["Integer operators on two literals reach a redefinition", "
fad5b98f2	sysalloc-bounds	completed	none	["Regexp - a ')' that closes no group says which it was", "W
fadbd00ed	sysalloc-bounds	completed	none	["Regexp - a repeat count above what the engine takes", "WRO
fb4974528	sysalloc-bounds	completed	none	["Hash#key keeps the key it answers with across the comparis
fb7732026	sysalloc-bounds	completed	none	["String#casecmp? - Unicode", "EXCEPTION", "NameError", "uni
fb83b7f83	sysalloc-bounds	completed	none	["Regexp - a named group makes plain groups non-capturing", 
fbd8ec63e	sysalloc-bounds	completed	none	["Process.times", "EXCEPTION", "NameError", "uninitialized c
fcc9ff08d	sysalloc-bounds	exit1	none	none
fd25b7fb3	sysalloc-bounds	exit1	none	none
fd4700bc9	sysalloc-bounds	exit1	none	none
fd6a18284	sysalloc-bounds	completed	none	["PASS"]
fdc9449f8	sysalloc-bounds	exit1	none	none
fe17d6636	sysalloc-bounds	exit1	none	none
fe4d72e7b	sysalloc-bounds	exit1	none	none
fe5e494dc	sysalloc-bounds	completed	none	["MatchData#inspect", "EXCEPTION", "NameError", "uninitializ
fecbc01bb	sysalloc-bounds	completed	none	["PASS"]
ff047f5fe	sysalloc-bounds	fault	c24	none
ff8f9e785	sysalloc-bounds	completed	none	[nil, "WRONG_CLASS", "NameError"]
ffc32621d	sysalloc-bounds	completed	none	["unpack of a fixed size directive past the end", "NOT_EQUAL
0038c8514	sublet-gc	exit1	none	none
00a12dbbd	sublet-gc	completed	none	["String#valid_encoding? after a run of ASCII", "EXCEPTION",
00aa97fcf	sublet-gc	exit1	none	none
01df203a7	sublet-gc	completed	none	["constant lookup: def self.name looks up from the class bod
02d5569af	sublet-gc	completed	none	["Addrinfo.getaddrinfo rejects a big integer hint", "NO_RAIS
033109642	sublet-gc	completed	none	["defined? answers with a frozen string", "EXCEPTION", "NoMe
037f816c2	sublet-gc	exit1	none	none
038d73c0b	sublet-gc	completed	none	["IO#close_write on a stream with no write end", "EXCEPTION"
03f242d09	sublet-gc	fault	c24	none
03fd5d226	sublet-gc	exit1	none	none
042b3a4ee	sublet-gc	completed	none	["Regexp - a pattern nested past the parse depth limit raise
0460b653b	sublet-gc	completed	none	["PASS"]
046c3ce22	sublet-gc	completed	none	["Regexp - absent repeater (?~...)", "EXCEPTION", "NoMethodE
047225c63	sublet-gc	completed	none	["Regexp - conditional (?(cond)yes|no)", "EXCEPTION", "NoMet
048e5da5f	sublet-gc	exit1	none	none
04c1eb769	sublet-gc	completed	none	["a private index accessor is callable in an op-assign on a 
04e88a64a	sublet-gc	completed	none	["Regexp - the backtracking engine raises at a limit rather 
050504efd	sublet-gc	completed	none	["PASS"]
0521da287	sublet-gc	completed	none	["Regexp - numeric \\k backreference out of int range", "WRO
0543f3a4a	sublet-gc	completed	none	["sprintf(\"%c\") with an integer that has no UTF-8 encoding
05a75d298	sublet-gc	completed	none	["PASS"]
061d19fa8	sublet-gc	exit1	none	none
0654bd470	sublet-gc	watchdog	none	none
0665bb368	sublet-gc	completed	none	["Regexp - /i literals share one class per letter", "EXCEPTI
069ff6ca4	sublet-gc	completed	none	["PASS"]
06ed794af	sublet-gc	completed	none	["Regexp - a set cannot be an end of a range in a class", "W
086637afd	sublet-gc	completed	none	["a private setter is callable on a written self", "EXCEPTIO
086b9c4bf	sublet-gc	exit1	none	none
08a0432d1	sublet-gc	completed	none	["Hash scans with the matched entry vacated by an eql? callb
094eca759	sublet-gc	completed	none	["Kernel#inspect leaves out an ivar Ruby cannot name", "EXCE
0a5d3565b	sublet-gc	completed	none	["IO#close_write", "EXCEPTION", "Errno::EBADF", "Bad file de
0a70368c9	sublet-gc	completed	none	["unpack1 reads no further than its first value", "EXCEPTION
0b15c0ac7	sublet-gc	completed	none	["Rational#** is exact for a whole exponent", "EXCEPTION", "
0b5b460bd	sublet-gc	exit1	none	none
0bb97e62d	sublet-gc	exit1	none	none
0ca3192c9	sublet-gc	completed	none	["Regexp#== and Regexp#eql?", "EXCEPTION", "NameError", "uni
0cf969a2b	sublet-gc	fault	c24	none
0df28ba5b	sublet-gc	exit1	none	none
0e6bac0e5	sublet-gc	exit1	none	none
0e96b2c2d	sublet-gc	completed	none	["Regexp - quantifier on an escaped multibyte literal", "EXC
0ea8cdc3a	sublet-gc	completed	none	["PASS"]
0edcf9706	sublet-gc	completed	none	["PASS"]
101f8c69a	sublet-gc	completed	none	["Regexp - positive lookbehind (?<=...)", "EXCEPTION", "Name
103e1a8bc	sublet-gc	completed	none	["Regexp - lookbehind measures bytes that spell no character
10c3904e3	sublet-gc	completed	none	["Regexp - \\k on a name given to several groups", "EXCEPTIO
10f91a06c	sublet-gc	exit1	none	none
115de82c3	sublet-gc	completed	none	["GC.scheduler_driven toggles and forces generational mode o
1260c77f0	sublet-gc	completed	none	["PASS"]
13d9d770f	sublet-gc	exit1	none	none
13e017c2f	sublet-gc	fault	c24	none
13f63a747	sublet-gc	exit1	none	none
143892a37	sublet-gc	completed	none	["constant lookup: ancestors before the top level", "EXCEPTI
160079367	sublet-gc	exit1	none	none
16151a0da	sublet-gc	completed	none	["#6345: dup of a block from method is treated as orphan", "
1619353e7	sublet-gc	completed	none	["Module#module_function with no arguments (toggle mode)", "
168273a88	sublet-gc	completed	none	["PASS"]
16eeb4e03	sublet-gc	completed	none	["Regexp - a removed comment does not reach into an escape",
1737589f0	sublet-gc	fault	c7	none
173fdd7d8	sublet-gc	exit1	none	none
177b45b67	sublet-gc	exit1	none	none
17d124b00	sublet-gc	completed	none	["PASS"]
18c44e8ab	sublet-gc	completed	none	["a multiple assignment target assigning through a send keep
1911ec3a5	sublet-gc	completed	none	["PASS"]
19aa42dbe	sublet-gc	exit1	none	none
19d81d25d	sublet-gc	exit1	none	none
19de6ff29	sublet-gc	exit1	none	none
1a26736a0	sublet-gc	exit1	none	none
1a5e26b46	sublet-gc	completed	none	["String#scan with a block that changes the receiver", "EXCE
1a79ce6c1	sublet-gc	completed	none	["PASS"]
1ad2a19c8	sublet-gc	exit1	none	none
1b4c2a58a	sublet-gc	completed	none	["Bigint ~", "NOT_EQUAL", "-18446744073709551617", "-1844674
1b8b322d3	sublet-gc	completed	none	["String#scan return shape", "EXCEPTION", "NameError", "unin
1bb88eabf	sublet-gc	completed	none	[nil, "WRONG_RAISE", "NoMethodError"]
1bffcc3dd	sublet-gc	exit1	none	none
1c0a5d290	sublet-gc	completed	none	["Regexp - a capture inside a lookaround is undone with the 
1c57532b2	sublet-gc	completed	none	["PASS"]
1c6ee990c	sublet-gc	exit1	none	none
1cda974ed	sublet-gc	completed	none	["String#+ redefined on String itself reaches the redefiniti
1cfa153ff	sublet-gc	completed	none	["Regexp.new", "EXCEPTION", "NameError", "uninitialized cons
1d2bd7bfe	sublet-gc	completed	none	["PASS"]
1d931d825	sublet-gc	completed	none	["Struct initialize takes a positional hash as a plain value
1dd7cc0b5	sublet-gc	exit1	none	none
1ea7c0c33	sublet-gc	completed	none	["Process.waitpid reports the error by itself", "WRONG_RAISE
1ee6d4619	sublet-gc	completed	none	["Bigint Integer#remainder takes the sign of the receiver", 
1f1ef785d	sublet-gc	exit1	none	none
1f48100ac	sublet-gc	completed	none	["Bigint ==", "NOT_TRUE", "false"]
1fa7d26c4	sublet-gc	completed	none	["Regexp - lookbehind rejects a class that can match a multi
1fd633644	sublet-gc	completed	none	["Regexp - a call runs the group's sub-pattern again", "EXCE
1ff35503d	sublet-gc	exit1	none	none
206b9f747	sublet-gc	completed	none	["Bigint Integer#pow(e, m) - Montgomery path", "NOT_EQUAL", 
2085fc07e	sublet-gc	completed	none	["PASS"]
20eec14f0	sublet-gc	completed	none	["Process.wait", "EXCEPTION", "NameError", "uninitialized co
20fc363a8	sublet-gc	completed	none	["the prefix and suffix cuts ask again about the bytes they 
225439b0b	sublet-gc	completed	none	["PASS"]
226c8b5d9	sublet-gc	exit1	none	none
228758382	sublet-gc	completed	none	["Regexp.__check_byte_pos passes a position the subject does
228bff1ae	sublet-gc	exit1	none	none
22e80f851	sublet-gc	completed	none	["Struct subclass inherits :keyword_init", "EXCEPTION", "NoM
2387ced58	sublet-gc	completed	none	["PASS"]
23b2d24cf	sublet-gc	completed	none	["Regexp - backreference \\1", "EXCEPTION", "NameError", "un
23fb460de	sublet-gc	completed	none	["PASS"]
24fb9124a	sublet-gc	exit1	none	none
2507c6da5	sublet-gc	completed	none	["PASS"]
258ef78dc	sublet-gc	exit1	none	none
260d038cb	sublet-gc	completed	none	["PASS"]
261866e09	sublet-gc	exit1	none	none
264d3837e	sublet-gc	completed	none	["PASS"]
2659ec2c4	sublet-gc	exit1	none	none
267527dd2	sublet-gc	completed	none	["Regexp - a match that begins on a character outside ASCII"
269dc573c	sublet-gc	completed	none	["RSTRING_CSTR with a non-terminated static string", "EXCEPT
26dc5f76e	sublet-gc	completed	none	["MatchData#string", "EXCEPTION", "NameError", "uninitialize
272acb412	sublet-gc	completed	none	["Socket#recv and #recvfrom reject a negative length", "EXCE
276cd1d6d	sublet-gc	completed	none	["String#match? and String#=~ search a real pattern without 
279aaa6f1	sublet-gc	exit1	none	none
280f93b18	sublet-gc	exit1	none	none
28a04e082	sublet-gc	completed	none	["Regexp - reversed character class range", "WRONG_CLASS", "
296607189	sublet-gc	completed	none	[nil, "NOT_EQUAL", "45", "2"]
29d33be97	sublet-gc	completed	none	["String#sub / #gsub search a String pattern without compili
2a8a7c0ed	sublet-gc	completed	none	["Struct.new with no arguments", "EXCEPTION", "ArgumentError
2b074fd48	sublet-gc	completed	none	["String#reverse! leaves what the bytes read as standing", "
2b5a0ed3b	sublet-gc	completed	none	["eval of a multiple assignment with more post-splat targets
2b72a7506	sublet-gc	exit1	none	none
2b7a57950	sublet-gc	completed	none	["PASS"]
2bcfa12b1	sublet-gc	exit1	none	none
2be385b68	sublet-gc	exit1	none	none
2c2a4c59a	sublet-gc	completed	none	["$! names the exception a rescue clause is running", "EXCEP
2c922f724	sublet-gc	completed	none	["a `def` in an eval string takes the visibility around the 
2d57abdad	sublet-gc	completed	none	["mrb_sys_fail without SystemCallError", "EXCEPTION", "NameE
2dd14996d	sublet-gc	completed	none	["Module#attr_* - the visibility they take from the scope", 
2e40b9149	sublet-gc	completed	none	["PASS"]
2e7e38a80	sublet-gc	completed	none	["Regexp - the escapes this engine does not carry are refuse
2e8b46147	sublet-gc	completed	none	["a Float is the object that holds what it holds", "NOT_FALS
2ea26d60f	sublet-gc	completed	none	["Regexp - a repetition of a lookaround or a backreference s
2efaf0d4d	sublet-gc	completed	none	["a binding gives a string the scope its constants belong to
2f1c339e5	sublet-gc	completed	none	[nil, "NOT_EQUAL", "\"b-a\"", "\"a-aa\""]
2f7d57d6c	sublet-gc	exit1	none	none
300cc9532	sublet-gc	completed	none	["a string class_eval leaves the caller's scope on its own c
305d1f114	sublet-gc	exit1	none	none
3067378d0	sublet-gc	completed	none	["String#bit_get", "EXCEPTION", "NoMethodError", "undefined 
306d265cd	sublet-gc	completed	none	["Task#close removes task and is idempotent", "EXCEPTION", "
30c6f801c	sublet-gc	completed	none	["Kernel#Rational with a Rational and a Bigint operand stays
31b2db736	sublet-gc	completed	none	["PASS"]
31ec4b9b6	sublet-gc	completed	none	["a binding answers for the method it was taken from", "NOT_
325cfaf4a	sublet-gc	exit1	none	none
3272955bf	sublet-gc	completed	none	["ENV class", "EXCEPTION", "NameError", "uninitialized const
33163ec59	sublet-gc	exit1	none	none
3375f1706	sublet-gc	exit1	none	none
33f7b84b7	sublet-gc	completed	none	["Process::Status#== reads a subclass as the status it is", 
33f8f4c5d	sublet-gc	completed	none	["PASS"]
34e208b69	sublet-gc	completed	none	["PASS"]
35842e3c1	sublet-gc	completed	none	["Rational#== between bigint-backed rationals", "EXCEPTION",
35b0428c9	sublet-gc	completed	none	["Module#remove_method on a module prepended to Integer rest
3600469b0	sublet-gc	completed	none	["Regexp - negated shorthands \\D \\W \\S", "EXCEPTION", "Na
360964f51	sublet-gc	completed	none	["Struct.keyword_init?", "EXCEPTION", "NoMethodError", "unde
360c616ae	sublet-gc	completed	none	["Regexp - a capture costs the backtracking engine no C stac
36425efad	sublet-gc	exit1	none	none
36a0f83db	sublet-gc	exit1	none	none
370ad05ec	sublet-gc	exit1	none	none
377279df9	sublet-gc	exit1	none	none
378af4a41	sublet-gc	exit1	none	none
379964be0	sublet-gc	exit1	none	none
37e5de17e	sublet-gc	completed	none	["Data#with", "EXCEPTION", "NoMethodError", "undefined metho
3808ebd67	sublet-gc	completed	none	["PASS"]
38418fb84	sublet-gc	exit1	none	none
386fb6f29	sublet-gc	completed	none	["MRUBY_PLATFORM", "EXCEPTION", "NameError", "uninitialized 
39aecc143	sublet-gc	fault	c24	none
39d0b512a	sublet-gc	completed	none	["Array#sort with a block that answers with something other 
3aa8f39b1	sublet-gc	exit1	none	none
3af63799f	sublet-gc	completed	none	["Regexp - what a start position records is not read by the 
3b06792c3	sublet-gc	completed	none	["String#gsub with block leaves the last match behind", "EXC
3b16879fe	sublet-gc	completed	none	[1, "EXCEPTION", "LocalJumpError", "unexpected yield"]
3b81a74ac	sublet-gc	completed	none	["eval a string literal at the width of the pool length", "E
3bf1b028a	sublet-gc	exit1	none	none
3bfb27b99	sublet-gc	completed	none	["Regexp literal /regex/", "EXCEPTION", "NameError", "uninit
3c1673279	sublet-gc	completed	none	["Regexp - a lookbehind body forking as often as it is long 
3c43d025f	sublet-gc	completed	none	["PASS"]
3c45f0449	sublet-gc	completed	none	["PASS"]
3c68e4917	sublet-gc	completed	none	["Regexp - positive lookahead (?=...)", "EXCEPTION", "NameEr
3cfe78c6b	sublet-gc	exit1	none	none
3d0ec2771	sublet-gc	completed	none	["a `def` in a method written in a block given to class_exec
3d25584ba	sublet-gc	exit1	none	none
3da9b237c	sublet-gc	completed	none	["Regexp - a backreference reads no group the running iterat
3df2926a1	sublet-gc	exit1	none	none
3e953fd88	sublet-gc	completed	none	["PASS"]
3ee6b2967	sublet-gc	completed	none	["Module#public_method_defined?, #private_method_defined?, #
3fc974e95	sublet-gc	completed	none	["REnv, closed env without the special-variable slot", "EXCE
40264c9aa	sublet-gc	exit1	none	none
403b75fbe	sublet-gc	completed	none	["PASS"]
40fab4b3b	sublet-gc	completed	none	["Regexp - a relocated lookaround keeps the end of its sub-p
40feb36fa	sublet-gc	completed	none	["Regexp - a pattern whose forks nest deeply matches", "EXCE
4104cb23c	sublet-gc	completed	none	["Task::Queue pop returns nil after timeout", "EXCEPTION", "
41313118d	sublet-gc	completed	none	["Complex parts keep their class", "NOT_EQUAL", "Integer", "
416acc0b3	sublet-gc	exit1	none	none
41a0af60a	sublet-gc	completed	none	["constant and class variable lookup: a method written in a 
421cadd18	sublet-gc	exit1	none	none
425af3a3c	sublet-gc	exit1	none	none
4298b5f88	sublet-gc	completed	none	["PASS"]
4305b11a6	sublet-gc	completed	none	["Regexp - invalid UTF-8 byte near pattern end", "EXCEPTION"
431a0ffaf	sublet-gc	exit1	none	none
435e4c8fa	sublet-gc	completed	none	["Regexp - a control escape names the same character however
43b4ef75f	sublet-gc	exit1	none	none
43c0b50cb	sublet-gc	completed	none	["Socket.ip_address_list", "EXCEPTION", "NoMethodError", "un
44906bb08	sublet-gc	completed	none	["String#length of a binary string counts bytes", "EXCEPTION
44c7c7fe4	sublet-gc	completed	none	["Refinement", "EXCEPTION", "NameError", "uninitialized cons
4507b4a63	sublet-gc	completed	none	["Bigint Integer#remainder large operand", "NOT_EQUAL", "552
45347dc59	sublet-gc	exit1	none	none
456a708bd	sublet-gc	exit1	none	none
458078f10	sublet-gc	completed	none	["Task::Queue.new creates a queue", "EXCEPTION", "NameError"
45993b454	sublet-gc	completed	none	["String#sub / #gsub / #scan / #split with a non-Regexp patt
45c588a83	sublet-gc	completed	none	["Regexp - a repetition stops on an empty iteration", "EXCEP
45e462882	sublet-gc	exit1	none	none
4637d86c2	sublet-gc	completed	none	["PASS"]
465e634d4	sublet-gc	completed	none	["Regexp#hash/== on uninitialized regexp", "EXCEPTION", "Nam
4663fef45	sublet-gc	fault	c5	none
46a3d740b	sublet-gc	completed	none	["String#[]= answers the same through the opcode and through
46f9af966	sublet-gc	completed	none	["MatchData#[] - negative index", "EXCEPTION", "NameError", 
470396b22	sublet-gc	exit1	none	none
47050f0c7	sublet-gc	completed	none	["String#inspect of a binary string escapes every byte", "EX
473c64b7d	sublet-gc	exit1	none	none
4778dcd54	sublet-gc	exit1	none	none
478ada3bf	sublet-gc	completed	none	["PASS"]
4855e963b	sublet-gc	completed	none	["unpack(\"U\") of a sequence cut short", "WRONG_MESSAGE", "
499577695	sublet-gc	exit1	none	none
49c174a7c	sublet-gc	completed	none	["Kernel#respond_to? answers false where respond_to_missing?
49c557c13	sublet-gc	completed	none	["PASS"]
4a386f80e	sublet-gc	fault	c7	none
4abed83f4	sublet-gc	completed	none	["Regexp - alternation is leftmost-first", "EXCEPTION", "Nam
4b0ad2e2c	sublet-gc	completed	none	["Integer - a Float too big for an mrb_int keeps every digit
4b866a84d	sublet-gc	completed	none	["GC.step_limit=", "EXCEPTION", "NoMethodError", "undefined 
4b95cb13e	sublet-gc	completed	none	["Float comparison with an Integer it cannot hold", "NOT_FAL
4bb0ab4fb	sublet-gc	completed	none	["eval a symbol name at the width of the symbol length", "EX
4be0fabf5	sublet-gc	exit1	none	none
4be3c2b22	sublet-gc	exit1	none	none
4befdafda	sublet-gc	completed	none	["Regexp - a broken subject is refused before the pattern is
4c0b99afc	sublet-gc	completed	none	["String#+@ and String#-@ keep the class of the receiver", "
4c311bb32	sublet-gc	completed	none	["Regexp - what bounds the classes a pattern nests is a tabl
4c35b03aa	sublet-gc	completed	none	["MatchData#[] - undefined group name", "EXCEPTION", "NameEr
4d8127508	sublet-gc	completed	none	["$1-$9 global variables", "EXCEPTION", "NameError", "uninit
4dd320295	sublet-gc	exit1	none	none
4e4465474	sublet-gc	completed	none	["Module#instance_methods lists a method that is unimplement
5035a4bef	sublet-gc	completed	none	["Regexp.last_match - an explicit nil is not an omitted argu
504596459	sublet-gc	completed	none	["Struct#== and #eql? with recursive members", "NOT_TRUE", "
50c58f649	sublet-gc	completed	none	["PASS"]
510f67d6f	sublet-gc	exit1	none	none
5268a5918	sublet-gc	completed	none	["PASS"]
534efe0f3	sublet-gc	completed	none	["protected method with an explicit receiver", "EXCEPTION", 
54826bc75	sublet-gc	completed	none	["Struct#deconstruct", "EXCEPTION", "NoMethodError", "undefi
5484823a1	sublet-gc	completed	none	["a safe navigation call on a written self is made", "NOT_EQ
54a4a823b	sublet-gc	completed	none	["Regexp - a name the pattern ends inside says which it was"
54c8427df	sublet-gc	completed	none	["Regexp - \\b inside character class is backspace", "EXCEPT
54da3f2f7	sublet-gc	completed	none	["PASS"]
556f0915f	sublet-gc	completed	none	["Regexp - a match does not end inside a character", "EXCEPT
55ae46dcf	sublet-gc	completed	none	["BasicObject#== defined by a class is asked about the recei
55b6deab4	sublet-gc	completed	none	["Regexp - POSIX brackets hold ASCII and nothing above it", 
55cb039f5	sublet-gc	completed	none	["Regexp - an empty group takes a quantifier", "EXCEPTION", 
55dcb6449	sublet-gc	completed	none	["defined? on constant paths (A::B)", "EXCEPTION", "NoMethod
55f0228bf	sublet-gc	completed	none	[nil, "NOT_EQUAL", "-2", "-1"]
56183f2a3	sublet-gc	watchdog	none	["Process.pid", "EXCEPTION", "NameError", "uninitialized con
5634ac6f5	sublet-gc	completed	none	[nil, "WRONG_RAISE", "NameError"]
5701a34f9	sublet-gc	completed	none	["OP_GETIDX0 does not retain a String result in the GC arena
581092a75	sublet-gc	completed	none	["Regexp - named backreference \\k", "EXCEPTION", "NameError
582b0887e	sublet-gc	exit1	none	none
584a4bb56	sublet-gc	exit1	none	none
58aacae5a	sublet-gc	completed	none	["String overrides search a pattern whose `match` was rewrit
5909efc22	sublet-gc	completed	none	["Process::Status is frozen once built", "EXCEPTION", "NameE
59552ecb8	sublet-gc	fault	c24	none
5a3530196	sublet-gc	exit1	none	none
5a9f2bd2a	sublet-gc	completed	none	["String#valid_encoding? survives what the string goes throu
5acace0a5	sublet-gc	exit1	none	none
5b3fa52a2	sublet-gc	completed	none	["Struct.new dispatches an overridden initialize", "EXCEPTIO
5c5431a69	sublet-gc	completed	none	["`super` and `yield` in a string given to eval belong to th
5dd425dc7	sublet-gc	exit1	none	none
5dff2be5a	sublet-gc	exit1	none	none
5e0340497	sublet-gc	completed	none	["Bigint int64 conversion covers the whole signed 64-bit ran
5e77136c3	sublet-gc	completed	none	["Module#attr_* answer the names they define", "NOT_EQUAL", 
5e8a65457	sublet-gc	completed	none	["PASS"]
5ef1e59ed	sublet-gc	completed	none	["exception raised from C after blocking past the timeslice 
5f6ffc455	sublet-gc	completed	none	["REnv, the shutdown detach keeps the top-level container", 
5fcd3f012	sublet-gc	exit1	none	none
5fe6813ae	sublet-gc	completed	none	["PASS"]
5ffcc0034	sublet-gc	completed	none	["Regexp - a word boundary sits beside any script", "EXCEPTI
606d9a6b2	sublet-gc	fault	c24	none
6071cf113	sublet-gc	completed	none	["Data#deconstruct", "EXCEPTION", "NoMethodError", "undefine
60abaa7d1	sublet-gc	completed	none	["PASS"]
616af8ba4	sublet-gc	completed	none	["Process::Status keeps its pid and raw status out of instan
617952367	sublet-gc	completed	none	["PASS"]
618137d17	sublet-gc	completed	none	["String#sub! / #gsub! rewrite the receiver's character read
618ba9435	sublet-gc	completed	none	["Regexp - Unicode case folding under /i", "EXCEPTION", "Nam
619797cea	sublet-gc	completed	none	["sprintf rejects an oversized float precision/width", "WRON
61b1a4447	sublet-gc	completed	none	["String#% with the 0 flag and a sign", "NOT_EQUAL", "\"-001
61c001fa7	sublet-gc	completed	none	[nil, "WRONG_RAISE", "NoMethodError"]
623397e7c	sublet-gc	completed	none	[nil, "NOT_TRUE", "false"]
6248b5809	sublet-gc	exit1	none	none
628ccec60	sublet-gc	fault	c24	none
632400658	sublet-gc	completed	none	["Regexp - /i keeps the word class inside ASCII", "EXCEPTION
638b0231e	sublet-gc	completed	none	["PASS"]
643b60bb2	sublet-gc	completed	none	["Regexp - a character class intersection is refused, not re
6463a3771	sublet-gc	completed	none	["Regexp - a curly brace that is not a quantifier is a liter
653bb9762	sublet-gc	completed	none	["Array#count - the walk made in C", "NOT_EQUAL", "2", "4"]
656e20bb4	sublet-gc	completed	none	["super forwards the caller's block from inside a block", "N
65bc860bf	sublet-gc	completed	none	["OP_GETIDX does not retain its result in the GC arena", "EX
6722d3550	sublet-gc	completed	none	["Array#max, #min - the walk made in C", "WRONG_RAISE", "NoM
672f2702f	sublet-gc	exit1	none	none
675090807	sublet-gc	completed	none	["$&, $`, $' and $+ global variables", "EXCEPTION", "NameErr
6773aec8b	sublet-gc	completed	none	["Complex#eql?", "NOT_FALSE", "true"]
680084ac1	sublet-gc	completed	none	["pattern matching - a capture in a block binds the local of
694c552bc	sublet-gc	completed	none	["Regexp - pattern too large for its jump targets is refused
6a7bd9591	sublet-gc	completed	none	["Kernel#Integer with a number too big for mrb_int", "EXCEPT
6aacdfdf0	sublet-gc	completed	none	["StructClass.[] dispatches an overridden initialize", "EXCE
6c0e11240	sublet-gc	exit1	none	none
6d26fcd0f	sublet-gc	completed	none	["IO#seek from the current position", "EXCEPTION", "TypeErro
6d76a3eb2	sublet-gc	exit1	none	none
6d99e8dec	sublet-gc	exit1	none	none
6db1ffb88	sublet-gc	completed	none	["PASS"]
6deafd810	sublet-gc	completed	none	["Regexp - empty pattern", "EXCEPTION", "NameError", "uninit
6ebf8b2b4	sublet-gc	completed	none	[nil, "WRONG_CLASS", "NameError"]
6f6952f05	sublet-gc	completed	none	["Rational#== when the cross product overflows mrb_int but n
6fb855015	sublet-gc	completed	none	["Module#prepend leaves a frozen class frozen", "NO_RAISE"]
6fd6cdde0	sublet-gc	exit1	none	none
7020eb5fd	sublet-gc	completed	none	["PASS"]
70acd57e5	sublet-gc	completed	none	["Regexp - {0} erases a call's code but not its reference ch
70cf11fc4	sublet-gc	exit1	none	none
715689514	sublet-gc	completed	none	["PASS"]
715993e11	sublet-gc	completed	none	["mrb_ary_unshift respects a frozen receiver", "WRONG_RAISE"
7180349ba	sublet-gc	completed	none	["PASS"]
71d18572e	sublet-gc	completed	none	["PASS"]
71f9c1eb9	sublet-gc	completed	none	["IO#close_write closes the stream for writing", "EXCEPTION"
727ae28ad	sublet-gc	watchdog	none	none
728356021	sublet-gc	completed	none	["Regexp - named captures", "EXCEPTION", "NameError", "unini
735b94535	sublet-gc	completed	none	["Integer bitwise ops reject non-Integer operands", "NO_RAIS
73b19041d	sublet-gc	completed	none	["PASS"]
7473a7103	sublet-gc	completed	none	["BasicObject reopened at the top level is the class Object 
748591801	sublet-gc	completed	none	["Regexp - an upper bound below the lower one is an error", 
755f1471e	sublet-gc	completed	none	["unpack(\"U\") over every lead byte", "NOT_EQUAL", ":redund
75ac98a09	sublet-gc	exit1	none	none
75b038b69	sublet-gc	completed	none	["Array set operations compare with eql? on both sides of th
763503a13	sublet-gc	completed	none	["an exception in a synchronously executed proc comes back a
765637b91	sublet-gc	completed	none	["an unimplemented method reports itself by name", "WRONG_CL
77d1d928f	sublet-gc	fault	c24	none
7806a13e0	sublet-gc	exit1	none	none
7862266f5	sublet-gc	completed	none	[nil, "NO_RAISE"]
78c39a4bb	sublet-gc	exit1	none	none
78d761add	sublet-gc	completed	none	["Regexp extended mode (x flag)", "EXCEPTION", "NameError", 
79d34165c	sublet-gc	completed	none	["Regexp - group name longer than a uint16 length", "EXCEPTI
7bb8f3836	sublet-gc	completed	none	["Module.nesting from a method with a receiver", "NOT_EQUAL"
7bbfb3188	sublet-gc	completed	none	["Comparable#clamp with a NaN for a bound", "NO_RAISE"]
7c0c643eb	sublet-gc	completed	none	["Array#minmax - the walk made in C", "WRONG_RAISE", "NoMeth
7c5915799	sublet-gc	fault	c24	none
7c6059908	sublet-gc	exit1	none	none
7c89b951b	sublet-gc	completed	none	["defined? names it a local variable", "EXCEPTION", "NoMetho
7c9f63bd1	sublet-gc	exit1	none	none
7ca58a7c7	sublet-gc	completed	none	["scheduler hook fires at every scheduler entry", "EXCEPTION
7cbf44f21	sublet-gc	completed	none	["a constant defined in a string given to eval belongs to th
7d626242a	sublet-gc	completed	none	["the constant cache forgets an irep when the irep is freed"
7de519b23	sublet-gc	completed	none	["Signal.signame", "EXCEPTION", "NameError", "uninitialized 
7e0417185	sublet-gc	completed	none	["Regexp - a backslash the pattern ends after says which it 
7fecf84de	sublet-gc	completed	none	["Regexp - overlong UTF-8 is not the character it spells", "
8017fa12d	sublet-gc	completed	none	["defined? on statically-decidable operands", "EXCEPTION", "
80c781b6c	sublet-gc	exit1	none	none
8116d5a09	sublet-gc	completed	none	["String#+ over two all-ASCII operands is not CRuby", "EXCEP
81c41e6bb	sublet-gc	completed	none	["Regexp.__byte_search answers a position before the subject
82288cbdc	sublet-gc	completed	none	["a float pool entry loads where Float is missing, and runs 
823cdb346	sublet-gc	exit1	none	none
83cd48719	sublet-gc	exit1	none	none
840191597	sublet-gc	watchdog	none	none
8445f1cc6	sublet-gc	exit1	none	none
847cd89c2	sublet-gc	completed	none	["MatchData#inspect - a match a literal String pattern made"
8488ab310	sublet-gc	exit1	none	none
84cc5aa60	sublet-gc	fault	c24	none
84e349578	sublet-gc	completed	none	["REnv, MRB_ENV_SET_BIDX() evaluates its index exactly once"
8551deba4	sublet-gc	completed	none	["eval string in a method starts at the visibility of the sc
85cd3feab	sublet-gc	completed	none	["the five names stand wherever a read of a global stands", 
87cac946c	sublet-gc	completed	none	["Array shared from an emptied heap array keeps a buffer", "
8903feacf	sublet-gc	exit1	none	none
8909b7998	sublet-gc	completed	none	["Bigint normalizes the smallest Integer", "NOT_EQUAL", "-92
893cb4edc	sublet-gc	completed	none	["Regexp#options", "EXCEPTION", "NameError", "uninitialized 
8a320aa40	sublet-gc	completed	none	["PASS"]
8b0c2ef6f	sublet-gc	completed	none	["Array#== takes an element for equal to itself", "NOT_TRUE"
8b381f80f	sublet-gc	completed	none	["MatchData#named_captures - a name given to several groups"
8bad4d5dd	sublet-gc	completed	none	["PASS"]
8bd5bd0ea	sublet-gc	completed	none	["a piece cut from a subject is its own string", "EXCEPTION"
8c841a058	sublet-gc	exit1	none	none
8ce99aa18	sublet-gc	exit1	none	none
8d50e0cfa	sublet-gc	exit1	none	none
8d92379d7	sublet-gc	exit1	none	none
8da00e9ba	sublet-gc	completed	none	["Binding#eval on a binding taken in a method with a receive
8e767351a	sublet-gc	completed	none	["Range with a NaN for an end", "NO_RAISE"]
8ea996186	sublet-gc	exit1	none	none
9082c519b	sublet-gc	completed	none	["PASS"]
90aae07cf	sublet-gc	completed	none	["String#sub / #gsub turn \\1-\\9 off where the pattern name
90e568e8e	sublet-gc	completed	none	["an operator instruction checks visibility on the send it f
91502b798	sublet-gc	completed	none	["IO#gets - separator across a buffer boundary", "EXCEPTION"
921afaf03	sublet-gc	completed	none	["Enumerable size arguments reject a redefined converter", "
92e5fbbaf	sublet-gc	exit1	none	none
9391f5ea8	sublet-gc	exit1	none	none
93eb74a59	sublet-gc	fault	c5	none
94993eede	sublet-gc	fault	c24	none
94aa382c3	sublet-gc	completed	none	["Module#define_method - the visibility it takes from the sc
94bef8f9b	sublet-gc	completed	none	["`return` in a string given to eval leaves the calling meth
9508c759c	sublet-gc	exit1	none	none
951f5a0b4	sublet-gc	completed	none	["pattern matching - the case value survives a failed clause
953304a1f	sublet-gc	completed	none	["defined? on a call carrying a block", "EXCEPTION", "NoMeth
954e172c7	sublet-gc	completed	none	[nil, "WRONG_RAISE", "NoMethodError"]
95afe8b24	sublet-gc	completed	none	["String#valid_encoding? answers the same however the string
95eaa54ca	sublet-gc	exit1	none	none
964f944c9	sublet-gc	completed	none	["GC.malloc_threshold - byte pressure advances an incrementa
9654829ef	sublet-gc	completed	none	["Regexp - a capture inside a negative lookbehind is refused
9660f398a	sublet-gc	exit1	none	none
9742db691	sublet-gc	completed	none	["MatchData#values_at", "EXCEPTION", "NameError", "uninitial
97d5b6a7f	sublet-gc	completed	none	["OP_MATH does not retain a boxed Float in the GC arena", "E
97db08cb3	sublet-gc	completed	none	["Regexp - atomic group (?>...)", "EXCEPTION", "NameError", 
97ef20933	sublet-gc	completed	none	["defined? on a constant path of any depth", "EXCEPTION", "N
98697c185	sublet-gc	completed	none	["String#sub \\' post-match uses byte length, not strlen (is
988746883	sublet-gc	exit1	none	none
990fe5afe	sublet-gc	completed	none	["Array#uniq, Array#- and Array#include? with a NaN", "NOT_E
9982bc122	sublet-gc	completed	none	["PASS"]
9aaa7ce5f	sublet-gc	completed	none	["method_missing is dispatched regardless of its visibility"
9b44d5d56	sublet-gc	completed	none	["defined? on a method reached through a receiver", "EXCEPTI
9b6a551ec	sublet-gc	completed	none	["a string given to eval runs under the class the calling fr
9b7e1a599	sublet-gc	completed	none	["Regexp - inline options (?i) / (?i:...)", "EXCEPTION", "Na
9b8520f58	sublet-gc	exit1	none	none
9bde072d5	sublet-gc	completed	none	["Regexp - an attempt in flight opens no match position insi
9c4e7ea0f	sublet-gc	completed	none	["Regexp - UTF-8 codepoints in character class", "EXCEPTION"
9cde96053	sublet-gc	exit1	none	none
9d2d4b169	sublet-gc	completed	none	["PASS"]
9da6f2abb	sublet-gc	exit1	none	none
9e273a72d	sublet-gc	completed	none	["Process.waitpid through a replaced Process::Status#initial
9e9333747	sublet-gc	completed	none	["Regexp - named captures survive /x preprocessing", "EXCEPT
9eb5b5e86	sublet-gc	completed	none	["PASS"]
9ee68194b	sublet-gc	completed	none	["Addrinfo.getaddrinfo rejects out-of-range integer hints", 
9ef064f65	sublet-gc	completed	none	["assignment to a captured local is worth its value", "NOT_E
9f1f17233	sublet-gc	completed	none	["mrb_gc_register counts its registrations", "EXCEPTION", "N
9f3a1ccb9	sublet-gc	completed	none	["keyword arguments with fifteen or more positional paramete
9f82c532c	sublet-gc	completed	none	["PASS"]
a00e81b9e	sublet-gc	exit1	none	none
a088da12f	sublet-gc	exit1	none	none
a10097cdf	sublet-gc	completed	none	["Regexp - a backreference under /i folds a byte-indexed sub
a2047c806	sublet-gc	exit1	none	none
a27d14158	sublet-gc	completed	none	["Symbol#== redefined on Symbol itself reaches the redefinit
a2d11dd91	sublet-gc	exit1	none	none
a2f385e8d	sublet-gc	completed	none	["mrb_load_file_cxt reports a stream it cannot read", "EXCEP
a3aa0f69b	sublet-gc	completed	none	["IO#eof? is answered again after the end", "EXCEPTION", "Ty
a496d48d2	sublet-gc	exit1	none	none
a54353ecf	sublet-gc	completed	none	["Hash lookup with the matched entry vacated by an eql? call
a5f6411b1	sublet-gc	watchdog	none	none
a7805f789	sublet-gc	completed	none	["eval with a filename too long for a symbol", "WRONG_MESSAG
a790bb2c1	sublet-gc	completed	none	["Regexp - /i does not read a byte above 127 as a character"
a7c5ab620	sublet-gc	exit1	none	none
a7c879059	sublet-gc	exit1	none	none
a7fc8a908	sublet-gc	completed	none	["Regexp - patterns that used to hang the compiler now raise
a852ae127	sublet-gc	completed	none	["Module.nesting and Module.constants from a method written 
a91b78ae7	sublet-gc	completed	none	["OP_LOADL does not retain a boxed Integer in the GC arena",
a97d9609a	sublet-gc	completed	none	["String#sub / #gsub expand \\k<name> in the replacement", "
a9ba9656b	sublet-gc	exit1	none	none
aa208b621	sublet-gc	completed	none	["Regexp - POSIX bracket classes", "EXCEPTION", "NameError",
aa92e5c02	sublet-gc	completed	none	["PASS"]
ab3a1cc1b	sublet-gc	completed	none	["Regexp - /i has no character to fold in a byte-indexed pat
aba5514d3	sublet-gc	completed	none	["pattern matching - the clauses of a case share one deconst
ad453c376	sublet-gc	completed	none	["MatchData#[] - group name longer than a uint16 length", "E
ad52a24e1	sublet-gc	completed	none	["Process.kill with a signal name too long for any signal", 
ae092ca08	sublet-gc	exit1	none	none
ae0f6d2f5	sublet-gc	exit1	none	none
ae4e63f28	sublet-gc	completed	none	["Regexp - a nest level on a \\k reference is refused", "EXC
aea2bbcbe	sublet-gc	completed	none	["IO#autoclose?, IO#autoclose=", "EXCEPTION", "TypeError", "
af6f23ddb	sublet-gc	fault	c7	none
af911acad	sublet-gc	completed	none	["Bigint -/+ keeps the sign when a small operand grows the m
afa5b5c4d	sublet-gc	completed	none	["PASS"]
b008fff41	sublet-gc	exit1	none	none
b023e3460	sublet-gc	exit1	none	none
b04b6c20a	sublet-gc	completed	none	["Struct#to_h with a block", "NOT_EQUAL", "{\"white\" => \"r
b0ab0753e	sublet-gc	exit1	none	none
b0b1de54e	sublet-gc	completed	none	["a string given to eval is named for the method that called
b182e5b65	sublet-gc	exit1	none	none
b20a456f4	sublet-gc	completed	none	["the strip family leaves what the bytes read as standing", 
b2953dcdb	sublet-gc	completed	none	["$&, $`, $', $+ and $1 onward read $~ as it stands", "EXCEP
b2d2cd15e	sublet-gc	completed	none	["pattern matching - a deconstruction hook has to answer a H
b33f21f83	sublet-gc	completed	none	["String#gsub and #scan finish after repeated zero-width ass
b36fbeee9	sublet-gc	completed	none	["mrb_integer_to_bytes and mrb_integer_from_bytes", "EXCEPTI
b3c313d8c	sublet-gc	completed	none	["PASS"]
b40efd5f3	sublet-gc	exit1	none	none
b4388e29a	sublet-gc	exit1	none	none
b4f645050	sublet-gc	completed	none	["operator override with negative integer literal", "NOT_EQU
b53fafab8	sublet-gc	completed	none	["Regexp - a class holds the union of its ranges however the
b5a019cb7	sublet-gc	completed	none	["Regexp - ^ and $ always match at line boundaries", "EXCEPT
b70a53d39	sublet-gc	completed	none	["Array#intersection with no argument copies the receiver", 
b756e6fa3	sublet-gc	completed	none	["Data with overridden initialize (keyword style)", "EXCEPTI
b7df80fc4	sublet-gc	completed	none	["$! names the exception a rescue modifier is running", "EXC
b8a2158c5	sublet-gc	completed	none	["Regexp - empty group name", "WRONG_RAISE", "NameError"]
b8b8ceb27	sublet-gc	completed	none	["pattern matching - a subject with no deconstruction hook d
b8b9ac920	sublet-gc	completed	none	["String overrides run a pattern whose operation cores were 
b956bcafa	sublet-gc	exit1	none	none
b98444df2	sublet-gc	exit1	none	none
b98d038bd	sublet-gc	completed	none	["IO#write to a duplex stream after a buffered read", "EXCEP
b9b8186f0	sublet-gc	completed	none	["Regexp - consecutive optional quantifiers (#6853)", "EXCEP
ba5011779	sublet-gc	completed	none	["PASS"]
ba629b49c	sublet-gc	exit1	none	none
bbeaf8531	sublet-gc	completed	none	["MatchData#begin / #end - group name", "EXCEPTION", "NameEr
bcacba1e1	sublet-gc	completed	none	["Regexp - quantifier on a multibyte literal", "EXCEPTION", 
bd21fe4aa	sublet-gc	exit1	none	none
bd41ddb4a	sublet-gc	completed	none	["PASS"]
be4e03a20	sublet-gc	completed	none	["Kernel#Float with a hexadecimal number too big for mrb_int
be85f1618	sublet-gc	completed	none	["Array#intersection narrows by every argument, not by their
be8e1468c	sublet-gc	exit1	none	none
beb576c7e	sublet-gc	completed	none	["PASS"]
bef45e223	sublet-gc	fault	c24	none
bfc3eb767	sublet-gc	exit1	none	none
c04b53473	sublet-gc	completed	none	["defined? on a constant path resolves each name as reading 
c04daf59b	sublet-gc	completed	none	["PASS"]
c0501d107	sublet-gc	exit1	none	none
c05a266a5	sublet-gc	completed	none	["raise without arguments re-raises the exception being resc
c064b6edd	sublet-gc	exit1	none	none
c0b1e87c0	sublet-gc	completed	none	[nil, "WRONG_RAISE", "NoMethodError"]
c0c8c7d47	sublet-gc	completed	none	["MatchData captures across alternation branches", "EXCEPTIO
c101b8bfa	sublet-gc	completed	none	["Rational#hash agrees with #==", "NOT_EQUAL", "3340850341",
c10297838	sublet-gc	completed	none	["Regexp - a pattern forking as often as it is long compiles
c1b6b302b	sublet-gc	completed	none	["pack(\"U\") with a value outside the Unicode range", "NO_R
c24487183	sublet-gc	completed	none	["Regexp.last_match reads one group, never a slice", "EXCEPT
c26c812a5	sublet-gc	exit1	none	none
c3b287d60	sublet-gc	completed	none	["IO#puts with an element that replaces the array", "EXCEPTI
c3d44f929	sublet-gc	exit1	none	none
c4627a60f	sublet-gc	completed	none	["PASS"]
c49cd31a9	sublet-gc	exit1	none	none
c50c59b81	sublet-gc	completed	none	["MatchData - subject is snapshotted at match time", "EXCEPT
c5960d0a8	sublet-gc	completed	none	["Data#to_h with a block", "NOT_EQUAL", "{\"white\" => \"ruu
c6866eed4	sublet-gc	completed	none	["PASS"]
c6f5273d3	sublet-gc	exit1	none	none
c75634315	sublet-gc	completed	none	["MRUBY_REVISION", "EXCEPTION", "NameError", "uninitialized 
c793c1217	sublet-gc	exit1	none	none
c7c15f5ad	sublet-gc	completed	none	["Regexp#to_s - a leading option group folds into the printe
c8443d8d0	sublet-gc	completed	none	["string interpolation with refinement", "EXCEPTION", "NoMet
c8486f56a	sublet-gc	completed	none	["PASS"]
c87e2d1db	sublet-gc	completed	none	["NilClass#=~", "EXCEPTION", "NoMethodError", "undefined met
c8c05958d	sublet-gc	completed	none	[nil, "WRONG_RAISE", "NoMethodError"]
c8e5aec5d	sublet-gc	completed	none	["Regexp#dup and Regexp#clone", "EXCEPTION", "NameError", "u
c938f60d6	sublet-gc	completed	none	["Regexp - a literal is found wherever the scan on its ends 
c9e6d78f1	sublet-gc	completed	none	["PASS"]
ca1ea88eb	sublet-gc	completed	none	["PASS"]
caf35c91e	sublet-gc	completed	none	["defined? sees through parentheses around one expression", 
cafc53ae4	sublet-gc	completed	none	["Regexp - a '[' inside a class opens something, and is refu
cb51fce92	sublet-gc	fault	c2	none
cb767edb0	sublet-gc	exit1	none	none
cbe0940ce	sublet-gc	completed	none	["Bigint <=>", "NOT_EQUAL", "1", "0"]
cc20c7d3a	sublet-gc	exit1	none	none
cc8d613be	sublet-gc	completed	none	["Array#sort with a NaN in it", "NO_RAISE"]
cca7b0d13	sublet-gc	exit1	none	none
ccb62ceb5	sublet-gc	completed	none	["String#scrub default replacement (U+FFFD)", "EXCEPTION", "
cd5d88456	sublet-gc	completed	none	["adding or subtracting a literal zero still sends the opera
cdd4a88e6	sublet-gc	exit1	none	none
cddaec726	sublet-gc	completed	none	[nil, "NOT_EQUAL", ":match", ":nomatch"]
cde908924	sublet-gc	exit1	none	none
cee9a5704	sublet-gc	completed	none	["$& and $1 - defined? where they read other than nil", "EXC
d055fcc97	sublet-gc	completed	none	["String#rindex on a binary string counts bytes", "EXCEPTION
d141e1c2b	sublet-gc	exit1	none	none
d1ccfd482	sublet-gc	exit1	none	none
d215e0a5f	sublet-gc	completed	none	[nil, "NOT_EQUAL", "\"a\"", "\"\\x00a\""]
d21d19290	sublet-gc	completed	none	["Regexp - character class range across the ASCII boundary",
d21eceb28	sublet-gc	completed	none	["Regexp - empty-matchable patterns find earliest match posi
d24ff0e81	sublet-gc	completed	none	["IO#ungetc after grow and partial read", "EXCEPTION", "Name
d2e8e1ffe	sublet-gc	completed	none	["Bigint eql?", "NOT_FALSE", "true"]
d3354aac2	sublet-gc	completed	none	["Regexp - the /x pass and the named-group scan skip the sam
d461aba63	sublet-gc	completed	none	["Regexp - \\Z matches before a trailing newline under both 
d4aad5dff	sublet-gc	completed	none	["brace-less variable interpolation", "NOT_EQUAL", "\"aIVb\"
d53edb5f8	sublet-gc	completed	none	["Array#flatten detects recursion", "WRONG_MESSAGE", "\"arra
d5baeef03	sublet-gc	completed	none	["PASS"]
d5bd7a611	sublet-gc	completed	none	["Regexp - more capture groups than the engine holds", "WRON
d66fbf029	sublet-gc	completed	none	[nil, "NO_RAISE"]
d72dd0bf4	sublet-gc	exit1	none	none
d78e6eb63	sublet-gc	exit1	none	none
d7941d3af	sublet-gc	exit1	none	none
d8911416c	sublet-gc	fault	c24	none
d8ed2d3db	sublet-gc	completed	none	["PASS"]
d905ad11c	sublet-gc	completed	none	["a parser state freed first leaves a younger one intact", "
d92978aad	sublet-gc	completed	none	[nil, "NO_RAISE"]
da2a3b90c	sublet-gc	completed	none	["block parameter with trailing comma (implicit rest)", "NOT
da3096e24	sublet-gc	completed	none	["Regexp - a lookbehind body of many forks is measured once 
da41af3c9	sublet-gc	completed	none	["Regexp - quantified first alternative does not leak into t
da7123200	sublet-gc	completed	none	["Regexp - a byte that belongs to no character is a match po
daa10fa42	sublet-gc	completed	none	["Regexp - `&&` puts the brackets either side of it as one q
daa988b13	sublet-gc	exit1	none	none
dab150007	sublet-gc	completed	none	["Regexp#to_s", "EXCEPTION", "NameError", "uninitialized con
db16fbc15	sublet-gc	exit1	none	none
db3cd5f57	sublet-gc	completed	none	[nil, "WRONG_RAISE", "NoMethodError"]
dbfda0ef2	sublet-gc	completed	none	["Regexp - a hex escape needs at least one digit", "WRONG_CL
dc6b2691f	sublet-gc	exit1	none	none
dcddbd4ab	sublet-gc	exit1	none	none
ddae2fe7c	sublet-gc	completed	none	["defined? on operands resolved at run time", "EXCEPTION", "
dddbab5ab	sublet-gc	exit1	none	none
de4638090	sublet-gc	completed	none	["Process::Status.new with a status too large for the platfo
dec5978e9	sublet-gc	completed	none	["PASS"]
dfeeebe05	sublet-gc	completed	none	["defined? on global/class variables and super", "EXCEPTION"
e05772dee	sublet-gc	completed	none	[nil, "WRONG_CLASS", "NameError"]
e0893b8d9	sublet-gc	completed	none	["safe navigation operator-assignment short-circuits on nil"
e133dcda5	sublet-gc	completed	none	["PASS"]
e23e0d59b	sublet-gc	completed	none	["PASS"]
e246b2c05	sublet-gc	completed	none	["Regexp - repetition with a zero lower bound", "EXCEPTION",
e2647a647	sublet-gc	completed	none	["GC heap region smaller than the alignment padding", "EXCEP
e2b4585e4	sublet-gc	completed	none	["GC.step_ratio= / GC.interval_ratio= reject an out-of-int-r
e368de2ff	sublet-gc	exit1	none	none
e3d1e4c65	sublet-gc	completed	none	["Process::CLOCK_REALTIME and the rest", "EXCEPTION", "NameE
e496f5e3f	sublet-gc	exit1	none	none
e54545bdb	sublet-gc	completed	none	["PASS"]
e5d602d89	sublet-gc	completed	none	["Regexp - a digit escape is a backreference or an octal esc
e6a603fcc	sublet-gc	completed	none	["PASS"]
e6fc59d1e	sublet-gc	completed	none	["PASS"]
e781ee868	sublet-gc	completed	none	["Regexp.union", "EXCEPTION", "NameError", "uninitialized co
e7bff507e	sublet-gc	completed	none	["PASS"]
e8758974f	sublet-gc	completed	none	["eval of a local variable whose name is too long for a symb
e8895760b	sublet-gc	exit1	none	none
e8ee4b997	sublet-gc	completed	none	["a binding taken in a `define_method` block sees the block'
e9063c11b	sublet-gc	exit1	none	none
eaa894be4	sublet-gc	completed	none	["Bigint uint64 conversion covers the whole unsigned 64-bit 
eaca460c7	sublet-gc	completed	none	["Array - a frozen receiver of a call that writes nothing", 
eb701fa5b	sublet-gc	completed	none	["GC.malloc_threshold - does not mark through stale realloc 
eb7693857	sublet-gc	fault	c24	none
ebfdf8ae4	sublet-gc	completed	none	["inherited hook runs before block body", "NOT_EQUAL", "[1, 
ec0b80976	sublet-gc	completed	none	["eval a `super` and a `yield` at the width of the forwarded
ec2387379	sublet-gc	completed	none	["eval a `super` and a `yield` at the width of the forwardin
ec89364c4	sublet-gc	fault	c7	none
eccb4b63c	sublet-gc	completed	none	["Kernel#Rational with a Rational operand stays exact", "NOT
ecd891b46	sublet-gc	exit1	none	none
ee00c31d2	sublet-gc	exit1	none	none
ee9cdee05	sublet-gc	completed	none	["String#swapcase - Unicode", "EXCEPTION", "NameError", "uni
eeb2e4930	sublet-gc	completed	none	["PASS"]
eec381dd6	sublet-gc	completed	none	["Regexp - a lookbehind body of no fixed width says which it
eef662616	sublet-gc	completed	none	["Regexp - a group name may not be a number", "WRONG_CLASS",
eefa944d0	sublet-gc	completed	none	["Data with no members", "EXCEPTION", "TypeError", "corrupte
ef283321f	sublet-gc	completed	none	["Regexp - a character property escape is refused, not read 
ef6cc8586	sublet-gc	completed	none	["String overrides search a pattern whose `__byte_match` was
f0db87885	sublet-gc	exit1	none	none
f10cbfe7d	sublet-gc	completed	none	["Regexp - a backreference names a group the pattern has", "
f1232334c	sublet-gc	completed	none	["Task#value returns exception object for unhandled task err
f20eeefaa	sublet-gc	completed	none	["a `def` in a block given to class_exec or module_exec adds
f271c7a37	sublet-gc	completed	none	["MatchData cannot be constructed", "WRONG_RAISE", "NameErro
f2e3c65a4	sublet-gc	completed	none	[nil, "NOT_EQUAL", "1", "-1"]
f2fac3e64	sublet-gc	exit1	none	none
f32e14833	sublet-gc	exit1	none	none
f33a26408	sublet-gc	completed	none	["eval names the line a generator error is on", "WRONG_MESSA
f3cedd69b	sublet-gc	completed	none	["Kernel.<conversion> module functions", "EXCEPTION", "NoMet
f46840afc	sublet-gc	completed	none	["Binding#local_variable_set moves the special-variable slot
f46ccc372	sublet-gc	completed	none	["Regexp - multibyte (UTF-8) match extraction", "EXCEPTION",
f4a8cdd91	sublet-gc	completed	none	["Regexp#match - Symbol argument", "EXCEPTION", "NameError",
f4ba19d7e	sublet-gc	completed	none	["PASS"]
f4cec14a4	sublet-gc	exit1	none	none
f525917fb	sublet-gc	completed	none	[nil, "WRONG_CLASS", "NoMethodError"]
f5a87a345	sublet-gc	completed	none	["Rational#<=> is exact", "EXCEPTION", "NoMethodError", "und
f5ca90685	sublet-gc	completed	none	["bare `nil?` in if/unless uses self as receiver (#6874)", "
f5cb8e139	sublet-gc	completed	none	["Regexp - repeated group keeps each iteration self-containe
f70016a1f	sublet-gc	exit1	none	none
f71bd2297	sublet-gc	completed	none	["String#encoding survives a copy", "EXCEPTION", "NameError"
f7834c3c6	sublet-gc	completed	none	["PASS"]
f98156534	sublet-gc	completed	none	["String#chop! on a binary string removes one byte", "EXCEPT
f9adb3017	sublet-gc	exit1	none	none
fa3bb5c3b	sublet-gc	exit1	none	none
fa3dead08	sublet-gc	completed	none	["Float comparison redefined on Float itself reaches the red
fa802172e	sublet-gc	completed	none	["PASS"]
fad01b0ef	sublet-gc	completed	none	["Integer operators on two literals reach a redefinition", "
fad5b98f2	sublet-gc	completed	none	["Regexp - a ')' that closes no group says which it was", "W
fadbd00ed	sublet-gc	completed	none	["Regexp - a repeat count above what the engine takes", "WRO
fb4974528	sublet-gc	fault	c24	none
fb7732026	sublet-gc	completed	none	["String#casecmp? - Unicode", "EXCEPTION", "NameError", "uni
fb83b7f83	sublet-gc	completed	none	["Regexp - a named group makes plain groups non-capturing", 
fbd8ec63e	sublet-gc	completed	none	["Process.times", "EXCEPTION", "NameError", "uninitialized c
fcc9ff08d	sublet-gc	exit1	none	none
fd25b7fb3	sublet-gc	exit1	none	none
fd4700bc9	sublet-gc	exit1	none	none
fd6a18284	sublet-gc	completed	none	["PASS"]
fdc9449f8	sublet-gc	exit1	none	none
fe17d6636	sublet-gc	exit1	none	none
fe4d72e7b	sublet-gc	exit1	none	none
fe5e494dc	sublet-gc	completed	none	["MatchData#inspect", "EXCEPTION", "NameError", "uninitializ
fecbc01bb	sublet-gc	completed	none	["PASS"]
ff047f5fe	sublet-gc	fault	c24	none
ff8f9e785	sublet-gc	completed	none	[nil, "WRONG_CLASS", "NameError"]
ffc32621d	sublet-gc	completed	none	["unpack of a fixed size directive past the end", "NOT_EQUAL
